:TYPE,sProperties_key1,sProperties_key2,sProperties_key3,eProperties_value2,eProperties_value3,eProperties_value1,attributes_name,:END_ID,sTime,sProperties_value1,sProperties_value2,sProperties_value3,:START_ID,attributes_value,eTime,eProperties_key2,eProperties_key3,eProperties_key1,srs,relation_name,attributes_fid,relation_id,trs
5,laboris,elit,culpa,excepteur,ullamco,nulla,et,53,Tue Jun 21 2016 10:13:53 GMT+0800 (中国标准时间),veniam,et,quis,42,Lorem,Wed May 17 2017 00:23:15 GMT+0800 (中国标准时间),ex,sint,sunt,"Ipsum exercitation non sit exercitation non Lorem. Veniam pariatur excepteur eu proident dolore cupidatat culpa aliqua elit exercitation. Nulla aliqua ipsum incididunt proident Lorem laboris cillum nisi labore laborum reprehenderit. Sit commodo minim commodo consequat deserunt est.
",brown,"{{nteger(1,4000)}",5726,"Laborum adipisicing labore magna excepteur voluptate. Non incididunt cupidatat deserunt magna dolore proident aliqua irure adipisicing consectetur culpa culpa. Culpa fugiat quis voluptate pariatur veniam tempor et tempor magna ex veniam adipisicing dolore velit. Deserunt dolore reprehenderit enim veniam. Eiusmod laboris consequat deserunt commodo. Incididunt irure elit culpa culpa nisi ea fugiat irure veniam commodo. Consectetur in mollit eu anim nostrud consectetur sit deserunt nulla et in cillum.
"
5d36c5a69d65e7b3a063876c,ipsum,consequat,sit,veniam,elit,ut,enim,182,Wed Feb 03 2016 15:01:47 GMT+0800 (中国标准时间),magna,reprehenderit,veniam,72,aute,Tue May 21 2019 07:00:48 GMT+0800 (中国标准时间),tempor,cupidatat,excepteur,"Aliquip ex in laborum ad exercitation. In est anim aliqua non culpa voluptate reprehenderit. Nulla proident aliqua cupidatat qui fugiat in sint reprehenderit et Lorem nostrud tempor consequat. Adipisicing adipisicing adipisicing eiusmod dolore fugiat exercitation ea tempor culpa deserunt eiusmod deserunt aliqua.
",green,"{{nteger(1,4000)}",39532,"Ullamco Lorem cupidatat et id nostrud nulla quis ad officia. Ad id qui nulla occaecat culpa laborum mollit. Eiusmod sit eu id magna nisi consectetur esse ex culpa ut mollit. Nisi dolore consequat laboris reprehenderit commodo pariatur occaecat sit eiusmod cillum ea voluptate.
"
5d36c5a63761ac21b8a3e107,pariatur,anim,dolor,nulla,duis,ad,ullamco,49,Sun Feb 25 2018 15:49:47 GMT+0800 (中国标准时间),in,voluptate,est,176,velit,Tue Aug 01 2017 00:12:59 GMT+0800 (中国标准时间),proident,exercitation,consequat,"Anim velit sit non veniam aliqua aute adipisicing ipsum commodo proident ullamco irure. Pariatur labore magna voluptate esse. Incididunt elit labore in aliquip deserunt.
",blue,"{{nteger(1,4000)}",29431,"Cillum ipsum cupidatat deserunt nulla proident dolor. Exercitation in sint commodo laborum anim deserunt sit exercitation consequat nostrud consectetur mollit. Et elit deserunt non incididunt in nisi deserunt.
"
5d36c5a68c9b2ed44155a4c4,ad,nulla,qui,quis,irure,irure,velit,165,Sat Feb 21 2015 03:55:56 GMT+0800 (中国标准时间),ipsum,ad,id,134,Lorem,Tue Nov 27 2018 01:21:10 GMT+0800 (中国标准时间),ut,tempor,ad,"Voluptate proident nulla adipisicing ad labore minim amet eiusmod eu. Et laboris nulla elit Lorem do enim excepteur minim in dolore duis. Sint non ullamco pariatur laborum. Elit aliqua pariatur quis officia aliqua.
",brown,"{{nteger(1,4000)}",26423,"Do irure consectetur minim nisi esse culpa ut consequat velit elit aute excepteur est laborum. Occaecat excepteur consectetur pariatur aute esse sint voluptate do qui aliquip eiusmod. Nisi elit cillum ullamco excepteur elit sunt nulla fugiat ex aliqua. Qui velit ad veniam nulla incididunt consectetur deserunt consectetur excepteur duis ex do nisi. Eu elit esse tempor sit qui elit exercitation officia officia ullamco mollit id ad.
"
5d36c5a6bde5ee657e3f6cf6,in,duis,reprehenderit,culpa,nostrud,excepteur,enim,182,Sat Nov 03 2018 09:31:25 GMT+0800 (中国标准时间),cupidatat,culpa,et,164,deserunt,Thu Apr 06 2017 07:01:37 GMT+0800 (中国标准时间),ad,do,Lorem,"Cupidatat exercitation ea anim non commodo commodo fugiat. Exercitation et et velit sunt sint sunt ad. Est elit esse sunt Lorem nostrud minim quis qui. Proident commodo qui non consequat Lorem. Velit Lorem id ullamco dolore. Occaecat pariatur voluptate enim do eiusmod voluptate nulla deserunt commodo veniam mollit.
",blue,"{{nteger(1,4000)}",2802,"Ut ad cillum consequat sit officia. Nulla fugiat est dolor ex commodo tempor deserunt id pariatur amet irure. Adipisicing quis anim elit sunt dolore labore nulla deserunt. Irure aute cupidatat ex nostrud exercitation incididunt adipisicing ipsum officia officia cillum. Laboris voluptate incididunt id deserunt quis.
"
5d36c5a6481650bd533aebf5,cillum,ad,dolore,aute,deserunt,proident,aute,94,Sat Apr 21 2012 16:28:28 GMT+0800 (中国标准时间),quis,fugiat,qui,3,cupidatat,Fri Nov 17 2017 14:12:31 GMT+0800 (中国标准时间),in,nulla,ut,"Pariatur amet occaecat laborum cillum. Veniam ullamco irure deserunt commodo laborum id do mollit. Duis anim culpa mollit exercitation. Exercitation deserunt qui esse et est qui ad dolore enim exercitation irure deserunt irure.
",blue,"{{nteger(1,4000)}",31596,"Aliqua est labore est qui ea ut sunt officia dolor officia. Consectetur incididunt commodo velit deserunt elit veniam officia nostrud qui dolor. Cillum pariatur laborum culpa qui non. In labore qui magna reprehenderit nostrud quis cupidatat et. Velit laboris elit incididunt elit voluptate elit aute magna nisi eu. Lorem labore ad deserunt ad est irure proident voluptate. Magna excepteur excepteur consequat nisi consectetur irure.
"
5d36c5a6f06cf3fc8ca3476a,fugiat,irure,ad,proident,duis,ea,Lorem,85,Mon Aug 29 2011 14:40:42 GMT+0800 (中国标准时间),qui,dolore,labore,14,quis,Wed Jan 17 2018 23:40:16 GMT+0800 (中国标准时间),nostrud,officia,minim,"Officia officia esse sunt officia ullamco nulla eu nisi exercitation voluptate officia. Officia anim laborum enim nulla. Adipisicing proident aute esse duis nulla mollit consectetur voluptate aliqua dolore occaecat ad. Sunt esse incididunt duis aliqua Lorem minim. Officia sunt Lorem aliqua qui eiusmod minim est culpa est eu Lorem cillum.
",green,"{{nteger(1,4000)}",23317,"Voluptate irure esse nulla sunt consequat reprehenderit nisi occaecat adipisicing. Sint ad aliqua duis cupidatat commodo ut eiusmod labore nostrud cillum esse duis nisi sint. Dolor commodo aliquip est do esse minim eu culpa id nostrud enim id.
"
5d36c5a6156185b70e47de4f,occaecat,est,et,fugiat,cillum,veniam,laborum,148,Wed May 16 2012 17:18:30 GMT+0800 (中国标准时间),in,voluptate,aute,30,Lorem,Mon Nov 20 2017 09:49:29 GMT+0800 (中国标准时间),culpa,culpa,amet,"Tempor exercitation exercitation in dolore ullamco non. Nulla occaecat irure velit ullamco ad occaecat enim adipisicing officia occaecat. Sint qui consectetur proident cillum magna et.
",brown,"{{nteger(1,4000)}",18721,"Dolor excepteur excepteur quis irure reprehenderit nostrud sint nostrud velit occaecat adipisicing. Lorem nostrud aliqua anim ut nostrud esse tempor laborum aute consequat. Sit pariatur elit deserunt esse ex aliqua Lorem adipisicing. Cillum fugiat ad eu do ut sunt ex dolore ad irure consectetur Lorem consequat nulla. Cillum ex dolore labore dolore ex esse sit eu laborum quis ex voluptate adipisicing aliquip. Ex do laboris non mollit est voluptate. Sunt nostrud nisi duis sunt anim nostrud aute velit non et.
"
5d36c5a6b385c4ea65e38300,excepteur,duis,cupidatat,nulla,velit,voluptate,Lorem,85,Mon Jun 03 2013 16:12:25 GMT+0800 (中国标准时间),in,aliquip,labore,135,culpa,Thu Feb 15 2018 16:00:02 GMT+0800 (中国标准时间),dolore,eu,laborum,"Velit culpa nostrud ullamco minim velit duis commodo excepteur fugiat dolore quis consectetur dolor. Officia incididunt dolor voluptate exercitation irure cupidatat irure pariatur sint. Do ad Lorem pariatur ad amet eu commodo adipisicing velit magna commodo esse enim id. Cillum commodo Lorem dolor dolore elit quis sit irure dolore adipisicing. Occaecat amet labore laborum pariatur id. Cillum aliqua labore enim excepteur. Culpa aute est sit nisi consectetur qui amet sit ut est do incididunt deserunt sint.
",brown,"{{nteger(1,4000)}",32125,"Ipsum voluptate cupidatat duis laborum et aliqua consequat deserunt velit magna dolor eiusmod nulla. Sint fugiat pariatur id deserunt nostrud esse cillum dolore quis do do. Eu deserunt laborum cillum duis.
"
5d36c5a6892aba98572cd4eb,anim,enim,pariatur,consequat,ipsum,ipsum,nisi,3,Fri Feb 12 2016 04:15:09 GMT+0800 (中国标准时间),deserunt,dolore,aliqua,16,excepteur,Thu Aug 24 2017 20:49:40 GMT+0800 (中国标准时间),dolore,exercitation,occaecat,"Ut minim enim enim voluptate sint aliqua irure. Exercitation pariatur nisi sit consectetur sint est voluptate excepteur. Velit duis quis anim eiusmod exercitation. Culpa non ipsum eiusmod sunt tempor aute proident minim nisi consequat enim ad elit.
",brown,"{{nteger(1,4000)}",37157,"Fugiat qui commodo officia consectetur incididunt ut veniam ipsum. Consequat fugiat fugiat aliquip quis deserunt fugiat dolore Lorem et sit commodo velit do. Eiusmod sit cillum cillum aliqua ex labore non irure eu qui.
"
5d36c5a6f4138382d0218809,ea,eiusmod,nisi,incididunt,qui,adipisicing,minim,113,Thu Jan 25 2018 21:40:36 GMT+0800 (中国标准时间),anim,duis,ullamco,5,irure,Tue Jan 24 2017 16:50:15 GMT+0800 (中国标准时间),nostrud,officia,et,"Eu labore eu elit in. Voluptate nisi qui deserunt proident consequat sit. Et tempor fugiat irure laboris occaecat enim elit occaecat elit.
",blue,"{{nteger(1,4000)}",30770,"Est qui nulla eu proident eiusmod ad do fugiat qui aliqua minim. Laborum magna dolore duis do nostrud consequat occaecat dolor id duis qui. Adipisicing sunt esse nulla et ullamco labore. Laboris consequat aute nostrud Lorem labore aute amet elit nulla non ad. Esse dolor duis nostrud occaecat consequat dolore nulla. Ut nostrud eu est magna magna anim quis laborum occaecat voluptate. Enim reprehenderit in sunt consequat anim aliqua proident ad deserunt quis.
"
5d36c5a6a8ae2a6f441e4779,ea,voluptate,ea,occaecat,proident,commodo,elit,150,Mon Jul 04 2011 05:51:35 GMT+0800 (中国标准时间),do,culpa,reprehenderit,49,magna,Sat Jun 17 2017 08:23:02 GMT+0800 (中国标准时间),sunt,ut,proident,"Eiusmod sunt qui do anim voluptate magna ad. Commodo ipsum consectetur aute proident anim pariatur dolore deserunt veniam et. Laboris velit duis adipisicing veniam laboris ipsum excepteur elit.
",brown,"{{nteger(1,4000)}",36425,"Pariatur commodo sit officia nulla laborum proident tempor enim aliqua in cupidatat aute. Enim nulla dolor quis nulla magna do consectetur ut esse officia est. Ad id sit irure quis sint velit. Occaecat aliqua deserunt consequat in fugiat. Mollit laborum sint aliquip ea sit culpa. Nulla irure mollit id qui sunt duis duis irure. Ullamco nisi irure ullamco aliqua culpa et tempor anim cupidatat aute ad elit.
"
5d36c5a6e700ac964f940e26,adipisicing,enim,reprehenderit,anim,proident,adipisicing,ad,147,Wed Jun 01 2016 12:36:44 GMT+0800 (中国标准时间),dolore,velit,reprehenderit,42,esse,Sun Mar 03 2019 07:44:07 GMT+0800 (中国标准时间),nisi,laborum,veniam,"Consectetur amet ex Lorem voluptate ut magna ad ad voluptate duis. Dolor enim esse Lorem ullamco excepteur quis officia incididunt mollit proident. Ex et consectetur Lorem ea sunt cupidatat enim enim deserunt deserunt. Eiusmod aliqua eu tempor ipsum Lorem consequat ad nulla labore laboris sit veniam ullamco mollit.
",green,"{{nteger(1,4000)}",22365,"Cillum id elit deserunt voluptate cillum dolore laborum. Eu ut aute dolor dolore commodo tempor. Nisi commodo cillum ex ipsum mollit mollit sint pariatur ad id cillum. Esse pariatur pariatur veniam do irure incididunt culpa consectetur duis. Commodo tempor proident anim eu aliqua qui. Proident voluptate dolor eu commodo qui veniam. Amet ut qui eu labore sit nulla aliquip.
"
5d36c5a6090aa07734fd2ec4,cupidatat,elit,et,enim,incididunt,aliquip,quis,24,Tue Nov 14 2017 17:06:22 GMT+0800 (中国标准时间),mollit,fugiat,irure,105,exercitation,Tue Jan 17 2017 23:19:53 GMT+0800 (中国标准时间),cillum,ut,magna,"Consequat qui fugiat aliquip adipisicing. Id proident ipsum sit officia reprehenderit est tempor tempor eiusmod veniam exercitation. Commodo aliquip duis aliqua laboris sit. Ex laborum eiusmod minim laboris duis eiusmod et. In commodo do aliqua cillum non fugiat consequat nisi dolor labore.
",green,"{{nteger(1,4000)}",22154,"Laborum commodo mollit laborum laboris ullamco sint occaecat ex dolor enim ut. Ullamco aliqua qui proident ullamco ex culpa duis dolor ut proident voluptate. Et proident sunt commodo consequat eiusmod enim. Sunt deserunt cillum elit incididunt aliqua pariatur cillum veniam incididunt velit reprehenderit ad anim.
"
5d36c5a6e6f5ff5fb5914850,aliqua,amet,ex,anim,reprehenderit,minim,quis,15,Fri May 03 2013 02:11:03 GMT+0800 (中国标准时间),velit,reprehenderit,incididunt,167,proident,Sun Oct 14 2018 22:33:52 GMT+0800 (中国标准时间),dolore,reprehenderit,magna,"Eiusmod aliquip do amet sit. Pariatur consequat Lorem dolore sint nulla. Deserunt minim ut sint eu cupidatat cillum laborum excepteur velit laboris.
",brown,"{{nteger(1,4000)}",3719,"Commodo nulla mollit deserunt pariatur duis nisi sint enim qui occaecat consectetur non ad dolor. Enim incididunt ad officia occaecat adipisicing deserunt cillum tempor laborum. Est dolore veniam minim tempor sit ad.
"
5d36c5a6a3c2070310b01ec1,culpa,excepteur,elit,nulla,velit,do,adipisicing,110,Mon Dec 08 2014 04:43:12 GMT+0800 (中国标准时间),aliqua,occaecat,et,160,duis,Tue Jun 04 2019 18:43:16 GMT+0800 (中国标准时间),nisi,amet,veniam,"Sunt pariatur culpa officia aliqua cupidatat magna nulla. Irure cupidatat aliqua nostrud officia non. Nulla magna incididunt magna adipisicing nostrud sint reprehenderit laborum proident labore. Ad elit fugiat excepteur nostrud enim dolore.
",blue,"{{nteger(1,4000)}",8992,"Labore labore fugiat officia et irure ea eiusmod enim consequat sint proident. Ad eiusmod elit id et minim consectetur dolor exercitation duis nostrud incididunt est cillum. Qui et proident ut ullamco reprehenderit consequat. Ad officia ad elit mollit voluptate eiusmod sit laboris amet. Et ullamco ut nulla pariatur voluptate dolor velit deserunt occaecat reprehenderit aliqua proident. Elit qui adipisicing magna tempor aute adipisicing aute proident qui magna.
"
5d36c5a6b21027e1a77e6b28,veniam,labore,in,excepteur,laborum,velit,qui,16,Thu Jan 15 2015 09:42:37 GMT+0800 (中国标准时间),proident,sunt,velit,6,eiusmod,Mon Feb 05 2018 06:06:32 GMT+0800 (中国标准时间),exercitation,ea,do,"Aliquip voluptate elit tempor commodo ex incididunt ut reprehenderit nisi. Fugiat aliquip exercitation veniam occaecat voluptate consectetur minim dolore qui excepteur fugiat commodo anim id. In enim sunt nulla sit pariatur ad aliquip commodo voluptate non adipisicing duis. Id dolor veniam ut nostrud occaecat magna sunt quis ut. Nisi cupidatat est id duis magna voluptate magna ipsum anim officia sint ad.
",brown,"{{nteger(1,4000)}",21023,"Fugiat anim aliquip minim adipisicing qui et magna deserunt nostrud consequat sunt adipisicing proident elit. Adipisicing cillum pariatur non ut magna pariatur in incididunt ex consectetur non sunt et. Cillum laboris laboris sit fugiat qui mollit. Cupidatat laboris ad duis exercitation officia nostrud sint do.
"
5d36c5a6d64298bf373386bf,Lorem,ut,consequat,magna,non,est,laborum,72,Thu Nov 15 2012 15:32:30 GMT+0800 (中国标准时间),aute,quis,ea,110,duis,Sat Jan 07 2017 06:52:33 GMT+0800 (中国标准时间),est,sint,nulla,"Occaecat ut sint proident non adipisicing amet enim aute. Sint incididunt labore dolore minim consequat proident ad. Non nisi ea eiusmod magna esse.
",brown,"{{nteger(1,4000)}",7868,"Dolore sint consectetur veniam aliquip aliquip aliqua proident dolor aliqua. Mollit ea aute labore exercitation laborum amet consectetur sint. Fugiat sit velit eu dolore irure dolor labore est. Eu laborum laboris quis irure et incididunt enim non. Irure sunt laboris anim dolore sint laborum ut aliquip ad.
"
5d36c5a6666e424751fcc9d5,minim,elit,sunt,ea,est,elit,Lorem,138,Wed Jan 12 2011 03:01:50 GMT+0800 (中国标准时间),sint,tempor,consectetur,83,laboris,Sat Mar 09 2019 07:09:28 GMT+0800 (中国标准时间),est,sit,eu,"Ullamco officia esse officia nostrud mollit id ut qui culpa duis ea nisi aliqua. Eu minim nostrud deserunt dolor irure pariatur labore sit magna eiusmod elit. Aute aliqua tempor ipsum proident quis reprehenderit tempor in. Excepteur culpa cillum nulla pariatur duis ea minim ex.
",brown,"{{nteger(1,4000)}",8014,"Duis voluptate dolor magna ipsum. Et ea consequat duis mollit laboris elit officia commodo cupidatat Lorem laborum cupidatat ipsum ullamco. Id eu consequat duis fugiat. Duis proident cupidatat officia reprehenderit velit voluptate.
"
5d36c5a69963943be98a33ca,cupidatat,adipisicing,voluptate,minim,nostrud,ut,aliquip,68,Wed Sep 12 2012 03:07:31 GMT+0800 (中国标准时间),non,reprehenderit,ea,197,do,Sat Aug 12 2017 12:27:46 GMT+0800 (中国标准时间),eiusmod,nostrud,velit,"Aliqua consequat cillum laboris cillum exercitation dolor est ipsum irure aliqua adipisicing. Commodo voluptate qui ullamco culpa eiusmod occaecat amet aute irure sunt duis non. Culpa est dolore minim veniam. Lorem eiusmod veniam excepteur est consectetur sunt quis deserunt id dolor voluptate nisi. Laboris incididunt amet voluptate amet adipisicing magna. Deserunt laborum consectetur in aliqua incididunt esse minim nulla aliquip incididunt qui in deserunt. Aute deserunt esse tempor consequat nulla voluptate.
",brown,"{{nteger(1,4000)}",36932,"Magna non magna id in enim consequat. Aliqua deserunt exercitation exercitation consequat excepteur cillum Lorem sint amet sint Lorem. Qui enim nulla ullamco elit. Consectetur tempor exercitation consequat occaecat. Ipsum et ex est est laborum cupidatat enim consectetur ipsum enim est. Elit ea amet consectetur cupidatat mollit aliquip nulla esse commodo amet fugiat sint elit.
"
5d36c5a6d019bca16a74dc39,in,sunt,veniam,nulla,esse,magna,minim,30,Sun Jun 03 2018 05:08:37 GMT+0800 (中国标准时间),occaecat,pariatur,culpa,128,irure,Mon Jul 03 2017 20:03:02 GMT+0800 (中国标准时间),esse,esse,aliquip,"Incididunt elit duis occaecat labore veniam sit esse reprehenderit esse anim incididunt commodo. Commodo pariatur ea culpa in in tempor adipisicing in. Enim esse fugiat nisi culpa magna exercitation nulla consectetur aliqua est. In laboris irure exercitation pariatur mollit eu aliqua incididunt. Minim consectetur laboris voluptate amet cillum est eu. Exercitation minim dolore velit sunt minim non commodo officia consectetur magna adipisicing reprehenderit officia eiusmod. Reprehenderit labore magna ut quis qui id et aliquip officia.
",blue,"{{nteger(1,4000)}",43671,"Proident consectetur amet esse dolore labore excepteur culpa esse ullamco ad. Consequat ullamco nostrud eiusmod quis proident nulla. Sit ullamco qui ad amet eu voluptate enim.
"
5d36c5a6d84c6ff8de3cf61b,eiusmod,velit,irure,aliquip,proident,veniam,eu,108,Sun Sep 01 2013 22:18:24 GMT+0800 (中国标准时间),enim,reprehenderit,consequat,88,cupidatat,Tue Jun 26 2018 07:17:39 GMT+0800 (中国标准时间),consectetur,ullamco,ipsum,"Exercitation anim ea sunt est pariatur excepteur do cupidatat incididunt elit amet. Non occaecat non aliquip ipsum occaecat. Aliquip consequat minim cillum culpa proident cupidatat voluptate aliqua duis laborum laboris sit.
",green,"{{nteger(1,4000)}",44274,"Labore non aute proident occaecat laboris fugiat. Anim enim deserunt excepteur in ut aliquip. Esse laboris amet occaecat eiusmod duis aliquip ex tempor magna. Incididunt ex aute non laborum deserunt enim.
"
5d36c5a6cc2da045a38f6d88,id,duis,proident,eiusmod,cillum,aute,non,178,Fri Jun 29 2018 20:26:08 GMT+0800 (中国标准时间),eu,reprehenderit,aliquip,55,veniam,Sat Nov 03 2018 04:55:02 GMT+0800 (中国标准时间),eu,non,aliquip,"Fugiat ut adipisicing officia duis. Quis irure quis consequat tempor culpa sint adipisicing consequat aute reprehenderit eu consectetur consequat. Lorem cillum eiusmod voluptate ipsum eiusmod qui sit aute Lorem minim enim quis. Quis ex sunt dolor in incididunt sit nostrud officia in cillum. Pariatur aliquip ex occaecat sint.
",brown,"{{nteger(1,4000)}",21773,"Reprehenderit cillum cillum amet velit irure anim ipsum. Ex irure irure pariatur voluptate aliqua labore culpa ut. Ea duis eiusmod occaecat elit ad proident officia fugiat ipsum deserunt et qui.
"
5d36c5a6a4a1d2fc314d59e0,ullamco,commodo,eu,mollit,commodo,consectetur,ex,80,Sat Nov 09 2013 18:18:16 GMT+0800 (中国标准时间),labore,magna,eu,102,proident,Sun May 28 2017 14:21:10 GMT+0800 (中国标准时间),dolore,consequat,dolor,"Occaecat deserunt fugiat labore nisi deserunt irure reprehenderit quis enim. Incididunt mollit tempor adipisicing reprehenderit occaecat magna cillum officia occaecat quis eu consectetur ut. Nostrud labore dolor sit veniam eiusmod nostrud cupidatat eiusmod tempor. Commodo Lorem sint consectetur officia eu sit enim ea. Dolore eu nostrud occaecat commodo.
",brown,"{{nteger(1,4000)}",34754,"Mollit duis ullamco tempor adipisicing amet est minim aliquip. Nostrud reprehenderit id ex labore irure occaecat cillum sit ipsum sunt. Elit ut ullamco esse ullamco adipisicing minim in eiusmod elit qui incididunt dolor sit. Esse labore labore anim eu anim deserunt veniam sint. Magna aliquip aliquip sunt ullamco nostrud esse do mollit est ad aliquip magna id. Lorem irure qui culpa sint ad anim ad magna culpa culpa qui cupidatat mollit. Occaecat minim consequat consequat anim dolor duis quis laborum fugiat sunt labore dolor adipisicing occaecat.
"
5d36c5a685df17553e176d34,sunt,et,dolore,ex,tempor,mollit,magna,94,Mon Oct 09 2017 20:33:46 GMT+0800 (中国标准时间),nisi,id,est,47,voluptate,Tue May 01 2018 11:15:50 GMT+0800 (中国标准时间),dolore,sint,incididunt,"Excepteur aute elit mollit Lorem ea. Quis labore sunt labore irure aliquip. Elit amet est mollit ipsum labore laborum anim ex tempor dolor adipisicing tempor qui excepteur.
",green,"{{nteger(1,4000)}",21849,"Consectetur cillum dolor deserunt ipsum laboris do. Aute occaecat qui consequat esse qui aute ullamco dolore consectetur sunt. Labore elit commodo adipisicing enim cupidatat excepteur magna culpa. Veniam labore ad eu qui culpa magna quis veniam aute officia cupidatat cillum. Labore occaecat aute ad ex.
"
5d36c5a6b4a60772ccbe918b,consequat,laborum,ex,aliqua,quis,non,ex,162,Sat Oct 22 2016 13:46:37 GMT+0800 (中国标准时间),tempor,nulla,deserunt,146,in,Sat Jan 19 2019 21:03:13 GMT+0800 (中国标准时间),excepteur,elit,sint,"Est irure labore in minim duis eiusmod dolor veniam aliquip labore sint dolore incididunt. Sint in ea id est incididunt nulla proident. Nisi anim sit dolor cillum. Aliqua aute consequat consequat occaecat dolor et excepteur officia. Exercitation occaecat elit officia est aliqua ea adipisicing exercitation. Nulla deserunt sint enim cillum voluptate pariatur eiusmod minim veniam ex non do aliqua magna.
",green,"{{nteger(1,4000)}",37238,"Enim sunt exercitation ipsum do ex. Officia tempor tempor aliquip aliquip mollit Lorem commodo aliqua mollit proident exercitation qui occaecat. Ad laboris voluptate nostrud aute eiusmod. Lorem nostrud elit cillum non. Dolor aute pariatur eu cupidatat nulla.
"
5d36c5a6b743bcd9d9ae9ccd,enim,eiusmod,ipsum,irure,aliquip,esse,et,170,Thu Oct 22 2015 17:31:32 GMT+0800 (中国标准时间),pariatur,consequat,id,121,proident,Sat Jan 06 2018 09:47:39 GMT+0800 (中国标准时间),sunt,ad,est,"Quis mollit esse ex culpa. Est aute qui ea dolor est pariatur mollit veniam. Proident reprehenderit consectetur esse veniam quis aliquip ea ex anim id aliquip quis velit amet. Consectetur veniam pariatur laboris elit veniam incididunt dolor mollit quis eu quis excepteur cupidatat.
",blue,"{{nteger(1,4000)}",27788,"Duis ex adipisicing quis amet cillum. Ea incididunt consectetur qui minim. Amet in sint adipisicing nisi. Ad consequat duis veniam duis ut commodo proident Lorem deserunt elit ea. Lorem voluptate nulla dolore cillum culpa. Lorem aliquip laboris nostrud dolore dolor Lorem labore amet ex officia eu.
"
5d36c5a666bad92686a1b835,nulla,quis,eiusmod,duis,eu,sunt,cillum,170,Sat Feb 25 2017 07:27:09 GMT+0800 (中国标准时间),ullamco,amet,consequat,8,ea,Sun Apr 15 2018 02:07:44 GMT+0800 (中国标准时间),culpa,nisi,labore,"Adipisicing duis id adipisicing sint cupidatat. Incididunt commodo eu ullamco irure laborum labore laboris. Nisi ea quis in eu aliqua eu ex aliquip nostrud et et culpa.
",green,"{{nteger(1,4000)}",38300,"Nulla labore consectetur quis ex incididunt ex laborum duis ullamco nulla sit ipsum irure mollit. Mollit velit deserunt eiusmod commodo quis consectetur. Commodo aliqua velit dolor laboris. In duis commodo labore tempor ad incididunt deserunt. Aliquip minim eu eu esse voluptate velit culpa dolor anim eu velit. Aliqua ad ullamco culpa ipsum cupidatat magna sit. Occaecat est irure fugiat id nulla.
"
5d36c5a66bd6d8508f316ff3,incididunt,laboris,cupidatat,aliquip,commodo,cillum,est,13,Tue Apr 26 2011 10:08:27 GMT+0800 (中国标准时间),magna,fugiat,excepteur,123,ut,Wed Nov 01 2017 22:11:50 GMT+0800 (中国标准时间),elit,dolor,do,"Aliqua quis ut adipisicing sint voluptate exercitation eiusmod ea ad consectetur incididunt nisi veniam. Dolore sit et aute dolor. Sit veniam sunt dolor elit culpa. Aliquip ullamco ad magna est Lorem.
",green,"{{nteger(1,4000)}",4640,"Enim reprehenderit aute ipsum qui fugiat. Nisi officia excepteur esse irure culpa. Culpa laboris dolor et sunt deserunt cillum adipisicing laboris consectetur nostrud ipsum exercitation.
"
5d36c5a6aef8138320eda85f,sit,dolore,non,velit,proident,aliqua,ad,104,Fri Jun 10 2011 21:25:54 GMT+0800 (中国标准时间),do,aute,sint,93,et,Mon Apr 08 2019 04:02:27 GMT+0800 (中国标准时间),cillum,eu,qui,"Aliqua aliqua Lorem aute quis sit culpa ad consequat esse Lorem nulla dolor officia. Laboris tempor eu cupidatat fugiat dolore amet occaecat sint pariatur nostrud reprehenderit veniam. Adipisicing duis sint ex elit Lorem est consequat laborum exercitation dolore Lorem consectetur. Do tempor nulla id esse. Consequat nisi commodo magna esse reprehenderit amet dolore do qui ea. Elit magna amet cupidatat officia Lorem Lorem aliqua dolore mollit excepteur.
",green,"{{nteger(1,4000)}",22403,"Veniam amet dolore nisi cillum voluptate amet. Lorem ea do consequat cillum mollit deserunt nostrud duis reprehenderit aliquip ut elit anim. Ad do ea minim sint labore culpa.
"
5d36c5a64027b201a3a217ff,mollit,incididunt,sint,quis,non,ullamco,sint,21,Mon Feb 28 2011 16:11:31 GMT+0800 (中国标准时间),eu,ut,laboris,173,ad,Tue Sep 12 2017 10:32:55 GMT+0800 (中国标准时间),commodo,culpa,reprehenderit,"Est do occaecat ut id fugiat ex eu consequat tempor cupidatat. Aute veniam non Lorem aliqua sit id aute laboris nostrud labore nostrud ea ullamco veniam. Aute qui deserunt cupidatat elit consectetur ex fugiat ex aute id do dolore aliquip. Velit commodo ex ipsum aliqua enim irure sunt aliquip. Ullamco nisi incididunt ex nostrud. Non aliquip ut cupidatat amet laborum sunt fugiat est id in amet eu laborum.
",brown,"{{nteger(1,4000)}",15725,"In adipisicing culpa id sint ea. Ad laboris ex amet adipisicing mollit. Veniam eu pariatur sint nostrud voluptate sit do magna. Esse amet eu commodo ullamco aliqua. Non id do et et laborum amet consectetur. Sint eu anim qui aute laboris dolor sunt eu proident commodo.
"
5d36c5a6c2e322da433d5b74,sit,sunt,cupidatat,sint,Lorem,laboris,exercitation,86,Fri Feb 26 2016 14:52:39 GMT+0800 (中国标准时间),in,et,in,178,dolor,Tue Feb 12 2019 03:44:51 GMT+0800 (中国标准时间),nostrud,non,quis,"Fugiat cupidatat eiusmod proident reprehenderit qui culpa reprehenderit commodo magna exercitation culpa est officia adipisicing. Nostrud duis labore consequat proident tempor est nostrud dolore adipisicing cillum esse duis sit. Fugiat esse non amet duis duis irure cillum exercitation ullamco. Excepteur irure cupidatat commodo nulla aliquip.
",green,"{{nteger(1,4000)}",21546,"Dolore occaecat aliquip irure reprehenderit eiusmod dolore adipisicing dolore adipisicing. Sunt cupidatat nulla exercitation qui mollit qui laborum eu amet commodo eu. Laborum eu reprehenderit ut veniam enim laborum ad do ullamco ex cupidatat adipisicing laborum. Velit ad esse eu eiusmod mollit duis ipsum tempor anim ut consequat velit nisi. Eiusmod mollit ullamco excepteur dolore proident ad sunt ullamco eu in aliqua. Officia cupidatat dolore pariatur nostrud ea non. Deserunt et voluptate commodo culpa nisi esse nostrud elit adipisicing.
"
5d36c5a62450b186e91f2a1e,et,esse,in,labore,sit,in,ut,52,Sun Feb 05 2017 03:37:41 GMT+0800 (中国标准时间),duis,deserunt,mollit,164,aute,Thu Feb 15 2018 09:44:38 GMT+0800 (中国标准时间),veniam,deserunt,excepteur,"Exercitation sit reprehenderit aute id veniam non laboris quis ad quis. Reprehenderit fugiat tempor commodo in ex anim fugiat tempor irure consequat consectetur quis. Pariatur elit in consectetur velit et veniam nulla enim ut minim do. Ex aute consectetur cupidatat minim enim. Elit qui duis occaecat pariatur officia amet eiusmod laboris occaecat. Ut labore qui voluptate adipisicing esse aliquip adipisicing.
",green,"{{nteger(1,4000)}",46602,"Magna mollit elit id sit amet dolore officia incididunt eiusmod exercitation. Sunt do nostrud enim velit dolore aliquip nostrud et mollit nostrud. Do commodo excepteur incididunt in quis. Velit ut dolore ullamco do est. Sit eiusmod ex ut Lorem ea Lorem laborum enim ut eu cillum cillum fugiat eiusmod.
"
5d36c5a6911813f0cbef3d7a,elit,anim,anim,id,sit,ad,pariatur,65,Sat Jul 18 2015 21:44:31 GMT+0800 (中国标准时间),cupidatat,duis,eiusmod,14,est,Fri May 12 2017 20:25:36 GMT+0800 (中国标准时间),duis,velit,proident,"Amet minim est eu sunt ipsum sit ut esse quis ipsum labore veniam labore. Ea ex commodo nulla sint excepteur non. Exercitation pariatur anim nulla deserunt laborum occaecat esse dolor laboris eiusmod. Duis ipsum irure velit mollit dolore reprehenderit amet ullamco duis amet ullamco elit. Do minim reprehenderit Lorem proident sint minim adipisicing eiusmod eu minim cillum nisi.
",blue,"{{nteger(1,4000)}",45564,"Anim qui est aliqua eu qui adipisicing esse nostrud proident officia quis. Laborum aliquip in aliquip aliquip est cupidatat dolor ex veniam qui. Qui Lorem Lorem aute ea quis ullamco aliquip sit voluptate enim irure exercitation proident tempor. Commodo eiusmod adipisicing et laborum. Duis consequat sint ad amet.
"
5d36c5a68b9e457196e28488,commodo,ad,exercitation,ut,laborum,proident,cupidatat,139,Mon Sep 02 2013 07:53:54 GMT+0800 (中国标准时间),magna,irure,anim,76,ut,Tue Apr 18 2017 04:43:09 GMT+0800 (中国标准时间),mollit,velit,non,"Pariatur mollit excepteur culpa deserunt enim id. Magna eu aliquip occaecat aliqua eu adipisicing id. Voluptate pariatur elit magna velit eu nulla ut. Labore mollit cupidatat adipisicing deserunt in enim esse cillum nulla amet fugiat mollit magna do.
",green,"{{nteger(1,4000)}",18836,"Commodo velit velit enim pariatur. Duis sunt consequat officia ex cillum velit elit labore est fugiat nostrud sunt aliqua. Consequat ex consectetur proident aute dolore dolore elit ipsum incididunt exercitation aute est tempor. Occaecat cillum qui velit nisi ad fugiat ipsum exercitation culpa eiusmod non. Dolore dolore eiusmod nisi consequat et deserunt dolore incididunt occaecat elit eiusmod laborum commodo.
"
5d36c5a6645587ab12ad7890,fugiat,cupidatat,mollit,reprehenderit,esse,qui,adipisicing,198,Sat Jun 09 2018 00:37:16 GMT+0800 (中国标准时间),ullamco,qui,id,6,laboris,Thu Feb 08 2018 00:07:29 GMT+0800 (中国标准时间),amet,sit,ad,"Nostrud deserunt aliquip irure deserunt incididunt. Id do mollit sunt non nostrud aliqua cupidatat sunt. Esse dolore adipisicing Lorem exercitation deserunt enim. Esse laborum nostrud culpa incididunt exercitation laboris laboris id. Duis cillum incididunt dolor reprehenderit sit commodo dolore pariatur commodo. Est duis magna dolore consectetur cillum cillum excepteur.
",green,"{{nteger(1,4000)}",42364,"Dolore in est irure exercitation laborum. Qui consequat sint excepteur anim culpa voluptate id voluptate exercitation ullamco. Nostrud in enim cillum nulla cupidatat labore incididunt non occaecat nulla. Dolor voluptate enim in labore pariatur elit Lorem magna sint velit id ipsum enim exercitation. Pariatur sint irure fugiat voluptate eu ex aliquip laboris do ullamco mollit proident tempor.
"
5d36c5a6b53c8603e5f36f48,labore,reprehenderit,elit,consequat,ut,labore,in,198,Sun Jul 16 2017 20:28:13 GMT+0800 (中国标准时间),eu,velit,laborum,147,occaecat,Thu Sep 27 2018 10:58:28 GMT+0800 (中国标准时间),ut,esse,elit,"Do minim labore duis est anim aliqua cillum magna nulla ut esse anim amet laborum. Amet ullamco tempor esse aute adipisicing sit et nisi et dolore fugiat. Veniam in deserunt adipisicing consectetur. Anim labore sint ad ut eu esse labore quis elit duis sint. Eu non cillum ea cupidatat officia adipisicing. Ex do ut incididunt excepteur laboris tempor quis irure ex laborum. Cupidatat esse duis exercitation excepteur et ea proident est.
",blue,"{{nteger(1,4000)}",46989,"Esse ipsum sint ex veniam do do ex veniam adipisicing Lorem labore elit ad est. Mollit enim anim aliqua sint ad quis. Labore ea aute nostrud ut dolor reprehenderit ad sit consequat. Sint do tempor ipsum mollit consectetur laborum excepteur. Mollit dolor commodo sit in eiusmod amet ea laboris aliquip anim officia deserunt. Labore sit occaecat sunt quis id non.
"
5d36c5a6621432d513c2c7be,anim,commodo,proident,sit,non,tempor,minim,102,Sat Nov 19 2011 11:06:53 GMT+0800 (中国标准时间),elit,cupidatat,laborum,24,elit,Sun Dec 02 2018 15:44:15 GMT+0800 (中国标准时间),esse,adipisicing,exercitation,"Commodo consectetur id nisi duis consequat laborum deserunt ipsum. Est consectetur ex consequat consectetur voluptate magna aute veniam. Ea occaecat excepteur id velit incididunt ex. Aliquip irure nulla Lorem non labore nulla laboris est et culpa incididunt aliqua. Nostrud reprehenderit occaecat irure non sit laborum ut incididunt et cillum laborum magna. Deserunt et nostrud dolore aliqua magna laboris reprehenderit ut est incididunt voluptate non labore.
",green,"{{nteger(1,4000)}",21683,"Amet qui duis cillum proident consectetur dolore. Est cupidatat officia fugiat duis. Mollit ullamco irure ut dolor sunt et culpa nisi reprehenderit occaecat laboris. Sunt dolore esse exercitation ut nulla mollit est exercitation aute sunt occaecat eiusmod ad. Velit labore deserunt velit excepteur aliqua. Id eu minim proident ex laboris cillum id labore ullamco in duis pariatur exercitation. Do nisi laboris cupidatat elit ipsum non.
"
5d36c5a67e9f8064453eb656,laboris,nostrud,duis,sint,irure,irure,deserunt,124,Tue Jul 19 2016 23:27:52 GMT+0800 (中国标准时间),in,nisi,adipisicing,150,Lorem,Wed Jan 17 2018 20:43:25 GMT+0800 (中国标准时间),aliqua,cillum,aliqua,"Tempor magna aliqua nisi non do ad laboris do amet ipsum ut exercitation reprehenderit quis. Voluptate nostrud reprehenderit deserunt consequat elit ea irure exercitation consectetur ut incididunt magna. Esse sunt tempor laboris laboris aliquip ad laboris officia ullamco minim elit nostrud elit. Magna eiusmod velit elit consectetur magna amet. Incididunt proident aliqua consequat dolor dolor veniam et cupidatat. Ad non est in deserunt aute dolor minim reprehenderit dolor irure eiusmod quis aute eiusmod.
",brown,"{{nteger(1,4000)}",14607,"Aliquip culpa id nisi consequat Lorem eu sunt. Sunt ad qui anim nulla aliquip velit aliqua consectetur id nulla incididunt nostrud non. Proident aliquip ut est enim elit laboris non ex ipsum non enim aute aliqua exercitation. Amet sunt pariatur proident veniam mollit excepteur minim reprehenderit. Dolor consectetur excepteur est ipsum elit ex deserunt laborum et.
"
5d36c5a614fead3bc9e236ea,laborum,duis,sint,aute,ullamco,occaecat,quis,198,Sat Apr 21 2018 20:30:12 GMT+0800 (中国标准时间),pariatur,nisi,et,6,consequat,Thu Jan 31 2019 23:53:04 GMT+0800 (中国标准时间),id,Lorem,sit,"Magna sint laborum irure deserunt ex. Ex nulla enim ullamco dolor reprehenderit ad et et laborum aute. Incididunt cillum Lorem laborum duis in veniam proident ullamco dolore veniam et. Ut consectetur dolor irure veniam ea sint aute sit sunt do. Commodo amet ut aute laboris ea et esse reprehenderit veniam sint elit. Qui dolore duis dolore ea voluptate adipisicing excepteur consequat deserunt. Ut in laborum est dolor elit ea duis sit amet velit.
",blue,"{{nteger(1,4000)}",5211,"Minim nisi ullamco quis commodo nulla anim ut sint cillum est velit ut. Exercitation culpa dolor qui enim laborum magna nulla duis et fugiat excepteur dolore. Pariatur minim et minim veniam eu dolor pariatur laborum eu. Voluptate incididunt officia reprehenderit laboris sit incididunt cupidatat incididunt velit non excepteur anim commodo veniam. Culpa fugiat non dolor pariatur. Voluptate et voluptate ad eiusmod ut ad minim reprehenderit laboris.
"
5d36c5a620d426c8738dbc1b,commodo,esse,sint,ad,ea,dolor,nisi,55,Wed Sep 14 2011 12:11:58 GMT+0800 (中国标准时间),commodo,fugiat,cupidatat,172,duis,Sat Jul 01 2017 09:28:48 GMT+0800 (中国标准时间),non,labore,ad,"Adipisicing enim esse ea enim Lorem et ipsum pariatur irure sint. Dolore dolor ad enim adipisicing eiusmod ex deserunt pariatur mollit irure in proident ex. Eu occaecat anim sint labore fugiat dolore id proident sint qui ullamco quis exercitation velit. Deserunt sint in nulla occaecat culpa deserunt officia nulla ipsum tempor anim. Sint in aute aliquip fugiat voluptate veniam magna duis et tempor adipisicing aliquip ex labore.
",green,"{{nteger(1,4000)}",22159,"Culpa qui eiusmod labore cupidatat laboris consequat nostrud non cupidatat. Exercitation eu amet amet est sint nulla anim adipisicing labore laboris. Nostrud eu excepteur laboris dolor.
"
5d36c5a672ffdcc7135ce472,officia,laboris,fugiat,commodo,eu,quis,veniam,96,Wed Jan 18 2012 18:38:33 GMT+0800 (中国标准时间),sunt,pariatur,non,92,nostrud,Tue Jan 30 2018 07:15:47 GMT+0800 (中国标准时间),in,ipsum,eiusmod,"Esse irure ipsum adipisicing sit consequat laborum anim sit nostrud commodo ex. Fugiat officia aute commodo officia laborum ut eiusmod veniam cillum enim excepteur exercitation culpa. Consequat est laborum minim commodo ipsum excepteur aliquip pariatur dolore sint fugiat qui sunt. Amet sint eu enim fugiat amet sit anim.
",blue,"{{nteger(1,4000)}",46207,"Fugiat culpa sunt aute sint nostrud adipisicing incididunt do labore. Sit est dolor veniam eiusmod ipsum occaecat irure. Cillum anim elit fugiat qui consequat est voluptate labore do sunt amet. Est laborum duis nisi ipsum ea ut amet cillum cupidatat quis. Ullamco cillum dolore laboris nisi aliquip irure fugiat duis tempor labore. Excepteur consectetur laborum exercitation mollit Lorem incididunt fugiat non esse fugiat nulla non voluptate. Dolor deserunt tempor fugiat aliqua consectetur.
"
5d36c5a69b643f3f8193ee4b,adipisicing,qui,officia,incididunt,voluptate,irure,sint,15,Sun Oct 13 2013 01:27:50 GMT+0800 (中国标准时间),deserunt,consectetur,incididunt,189,deserunt,Wed Oct 25 2017 21:14:48 GMT+0800 (中国标准时间),veniam,irure,occaecat,"Commodo incididunt consectetur qui magna laborum laboris. Pariatur veniam dolore culpa id adipisicing labore. Aliqua quis consequat excepteur veniam quis anim cillum in culpa officia. Reprehenderit tempor consectetur nisi id ullamco nulla exercitation laboris mollit ex consequat. Fugiat mollit elit enim culpa adipisicing adipisicing dolor nostrud id dolore. Adipisicing in in tempor est deserunt laborum dolore.
",blue,"{{nteger(1,4000)}",47736,"Commodo amet est nostrud magna eiusmod quis. Ex occaecat nulla laborum magna. Id exercitation irure id ut fugiat enim irure reprehenderit et tempor. Ex officia ad Lorem magna. Mollit nulla tempor cillum laboris aliquip sit ad. Duis qui nisi dolore pariatur id aliquip Lorem amet voluptate. Enim qui deserunt dolor cillum cupidatat labore do.
"
5d36c5a631a74eabc6705868,adipisicing,est,tempor,cupidatat,incididunt,ea,sint,120,Mon Jul 11 2016 07:52:01 GMT+0800 (中国标准时间),ex,adipisicing,et,119,aliqua,Fri Jan 20 2017 05:43:30 GMT+0800 (中国标准时间),culpa,nulla,excepteur,"Occaecat nisi incididunt ipsum ipsum cupidatat amet reprehenderit non esse laboris Lorem ut. Dolore cupidatat id deserunt officia ut dolore deserunt adipisicing magna voluptate. Dolor dolor cillum proident exercitation velit sit in et sit. Laborum cillum duis consectetur labore dolor tempor aliquip minim mollit pariatur amet magna. Ea duis qui fugiat nostrud do consectetur in reprehenderit tempor magna ullamco ipsum et consequat. Ut ea ea enim id sint sunt consectetur ex labore dolore Lorem.
",blue,"{{nteger(1,4000)}",29897,"Anim ea magna culpa esse quis enim reprehenderit irure ullamco occaecat elit magna. Laborum magna laborum in ea minim minim ut commodo aute. Duis fugiat culpa ex mollit officia magna ea voluptate sint. Dolore sit elit laboris ullamco proident excepteur veniam amet elit proident adipisicing. Ad consequat non aliqua aliqua laboris in. Dolore in cillum occaecat voluptate ipsum nulla et reprehenderit magna duis.
"
5d36c5a63c2375a369475168,aute,fugiat,culpa,ipsum,cillum,ullamco,irure,143,Fri Aug 11 2017 20:07:33 GMT+0800 (中国标准时间),magna,dolore,aliqua,52,velit,Sun Dec 10 2017 21:49:51 GMT+0800 (中国标准时间),in,veniam,culpa,"Exercitation cupidatat consequat voluptate anim. Et ut ex irure nostrud veniam dolore aliqua non ut. Occaecat anim elit cupidatat eiusmod. Adipisicing ipsum ut quis amet officia id ad in ipsum cillum. Officia laborum irure exercitation sunt ullamco consectetur pariatur.
",green,"{{nteger(1,4000)}",19847,"Sunt cillum non qui cillum. Ipsum laboris ut dolore ullamco Lorem aute in. Occaecat esse excepteur fugiat est commodo ex fugiat sit. Dolor dolor id Lorem do adipisicing culpa Lorem. Voluptate sunt eiusmod anim nulla non laboris laboris laboris nulla sit ad officia. Culpa esse consequat sit velit qui.
"
5d36c5a66aad5f97177666ca,ad,non,velit,ad,aute,aliquip,tempor,67,Tue Mar 06 2018 00:10:16 GMT+0800 (中国标准时间),occaecat,voluptate,voluptate,142,laboris,Thu Jul 18 2019 08:54:24 GMT+0800 (中国标准时间),ullamco,amet,veniam,"Reprehenderit reprehenderit laboris dolore laborum qui cillum amet exercitation. Occaecat adipisicing deserunt veniam aliqua incididunt nostrud est culpa. Eiusmod duis in adipisicing laborum voluptate eu nulla est consectetur tempor. Nostrud fugiat qui ipsum duis officia nostrud exercitation mollit Lorem. Mollit deserunt commodo fugiat nisi sint ex aliqua.
",blue,"{{nteger(1,4000)}",36150,"In aliqua laborum sint irure et pariatur laboris dolore laboris aliqua duis mollit duis ullamco. Eiusmod dolore quis ullamco nulla exercitation Lorem cupidatat qui voluptate deserunt fugiat. Qui duis minim exercitation Lorem et in officia veniam sunt esse velit adipisicing irure.
"
5d36c5a67a37f21deb47b3de,voluptate,irure,cillum,amet,adipisicing,tempor,velit,60,Sun Mar 23 2014 03:33:24 GMT+0800 (中国标准时间),est,deserunt,non,23,aliquip,Wed Nov 28 2018 19:23:12 GMT+0800 (中国标准时间),in,occaecat,exercitation,"Eu cillum excepteur voluptate magna nisi adipisicing. Pariatur pariatur ipsum duis aliqua duis elit in nisi elit do excepteur elit incididunt adipisicing. Exercitation in ut duis ex ipsum nisi consequat nostrud deserunt duis ex. Sit ullamco eu occaecat minim cupidatat qui ipsum enim officia do. Laborum in est laboris duis ea aliquip eiusmod proident.
",green,"{{nteger(1,4000)}",23888,"Quis enim Lorem eiusmod est commodo sit culpa dolor cupidatat adipisicing minim et nostrud. Cupidatat incididunt deserunt minim incididunt. Qui aliquip proident laborum enim occaecat anim anim ullamco adipisicing. Officia enim occaecat veniam aliquip non quis mollit ea aliquip labore ipsum mollit. Ullamco ea deserunt dolor eiusmod deserunt.
"
5d36c5a6f4a7a0de91f5b256,anim,magna,laborum,ullamco,ullamco,irure,non,158,Fri Nov 20 2015 21:35:17 GMT+0800 (中国标准时间),ullamco,excepteur,duis,136,culpa,Tue May 21 2019 16:41:06 GMT+0800 (中国标准时间),nulla,minim,duis,"Nisi incididunt aliqua Lorem ex commodo anim adipisicing non tempor duis. Duis aliquip est voluptate minim sint adipisicing labore. Et nostrud reprehenderit pariatur amet eiusmod consequat in et Lorem ex fugiat incididunt. Esse culpa consequat incididunt do laboris aute incididunt tempor. Consequat dolor quis cillum ut proident incididunt ut duis tempor. Commodo velit exercitation elit nostrud veniam exercitation aliquip labore laboris. Sit exercitation sunt est voluptate duis ipsum duis eu laborum commodo cupidatat incididunt elit.
",brown,"{{nteger(1,4000)}",18069,"Commodo deserunt consectetur magna commodo et commodo reprehenderit minim esse sit. Nulla est consequat aliquip do. Dolore exercitation qui excepteur cillum proident. Excepteur velit dolor consectetur minim aliquip quis Lorem velit est deserunt sint cupidatat. Consequat qui duis incididunt eu minim consectetur anim do elit Lorem do culpa officia est. Officia Lorem reprehenderit fugiat nostrud ipsum ut consequat quis velit nostrud ea labore.
"
5d36c5a6b0bae07d1ec6a441,quis,laboris,et,nulla,ipsum,exercitation,ut,1,Mon Oct 10 2016 06:59:57 GMT+0800 (中国标准时间),reprehenderit,ipsum,aliqua,14,eiusmod,Sun May 06 2018 21:24:04 GMT+0800 (中国标准时间),labore,reprehenderit,consectetur,"Occaecat occaecat eiusmod anim aliqua magna sit voluptate sunt tempor. Eiusmod est aliqua mollit consectetur occaecat aute eu. Aute ipsum irure nisi sint in magna ullamco ipsum in quis aliqua velit adipisicing elit. Consectetur Lorem irure irure culpa. Sit dolor aliqua laborum eiusmod cupidatat. Laborum fugiat culpa in minim. Aliqua deserunt commodo cupidatat ullamco.
",green,"{{nteger(1,4000)}",28712,"Aliquip nulla nisi nulla esse. Elit deserunt anim enim anim labore nostrud sint nostrud dolor irure cupidatat ut laborum ex. Laboris nostrud eiusmod nulla esse. Consectetur id ex eu deserunt do nisi. Enim veniam consectetur non consequat proident occaecat ullamco ipsum. Laboris deserunt consequat aliquip ipsum Lorem voluptate. Eiusmod consectetur commodo exercitation ea incididunt quis ex nulla ullamco cupidatat cupidatat laboris.
"
5d36c5a6fef7464613876499,elit,proident,nisi,laboris,sit,laborum,exercitation,145,Thu Nov 10 2011 05:42:13 GMT+0800 (中国标准时间),consectetur,minim,aute,89,exercitation,Fri Mar 10 2017 19:11:35 GMT+0800 (中国标准时间),nulla,eiusmod,voluptate,"Lorem cillum magna cupidatat proident cupidatat magna ut. Mollit do sint tempor nisi et tempor veniam laboris. Et cillum excepteur non occaecat laborum eu occaecat ut. Velit excepteur id esse sint nulla incididunt proident proident ex dolore labore.
",green,"{{nteger(1,4000)}",5735,"Exercitation adipisicing consectetur fugiat aliqua officia velit qui culpa. Fugiat laboris amet voluptate tempor deserunt cupidatat anim cupidatat anim proident cillum in irure laborum. Et anim elit fugiat sunt sint commodo ipsum excepteur. Ex laborum in pariatur anim eiusmod. Qui laborum exercitation aute ea ullamco commodo.
"
5d36c5a654b8e851b0190ced,et,laborum,occaecat,sit,consequat,nisi,reprehenderit,124,Mon Sep 30 2013 20:50:14 GMT+0800 (中国标准时间),fugiat,ut,esse,156,ex,Fri Dec 07 2018 18:04:04 GMT+0800 (中国标准时间),incididunt,consectetur,pariatur,"Minim culpa aliquip laborum consectetur officia cupidatat deserunt sint. Reprehenderit veniam elit consectetur occaecat do amet voluptate sit enim ad aliquip. Consequat eiusmod dolor adipisicing occaecat. Do deserunt deserunt ut cupidatat sunt ipsum duis Lorem. In mollit duis quis occaecat minim adipisicing esse sint officia sit nulla. Esse reprehenderit ex magna aute anim non cillum sunt et commodo. Pariatur duis dolor enim sit.
",blue,"{{nteger(1,4000)}",13052,"Fugiat velit deserunt deserunt ad mollit consectetur veniam fugiat ipsum ex. Ex cupidatat pariatur ea mollit amet culpa enim ut id qui ea fugiat. Fugiat sunt reprehenderit nostrud non est occaecat. Minim proident esse est sit in veniam fugiat pariatur excepteur ipsum.
"
5d36c5a6897b70d55526bc6e,proident,ad,occaecat,dolor,ipsum,anim,sit,190,Fri May 26 2017 09:28:32 GMT+0800 (中国标准时间),deserunt,nisi,mollit,68,reprehenderit,Sat Feb 10 2018 04:46:15 GMT+0800 (中国标准时间),pariatur,nisi,proident,"Amet deserunt commodo ullamco elit aliqua commodo esse elit ex deserunt amet nulla. Aliquip in Lorem do ex esse deserunt minim in nostrud non nulla. Aliquip eiusmod nostrud nulla mollit ipsum voluptate laboris.
",brown,"{{nteger(1,4000)}",12595,"Consequat nostrud reprehenderit veniam ullamco aute quis excepteur. Culpa mollit officia velit occaecat cupidatat eu in non aliqua occaecat fugiat elit quis. Aliqua sit sit ullamco ipsum labore ea deserunt excepteur dolore voluptate eu proident elit tempor.
"
5d36c5a6fa3466fa07440e90,veniam,enim,ut,ex,laboris,excepteur,quis,8,Wed Aug 24 2016 02:08:13 GMT+0800 (中国标准时间),sunt,aliquip,cillum,104,veniam,Sat Aug 05 2017 05:40:52 GMT+0800 (中国标准时间),excepteur,dolore,ea,"Excepteur consequat ex proident exercitation nulla mollit est qui enim. Eiusmod excepteur pariatur officia veniam veniam ad labore est aliqua. Aliquip non proident laborum et commodo ea ad eiusmod ipsum eiusmod nostrud nostrud esse. Nostrud sit laboris duis nostrud ex et.
",green,"{{nteger(1,4000)}",44507,"Irure dolore nostrud in velit Lorem ea reprehenderit occaecat adipisicing do in. Aliquip aliquip nostrud cillum exercitation ullamco enim qui ea nulla. Dolore proident occaecat excepteur do quis. Nulla anim proident ullamco exercitation cillum.
"
5d36c5a6c307f1fcc036c578,enim,eu,eu,dolore,irure,ea,mollit,107,Fri Feb 06 2015 03:55:31 GMT+0800 (中国标准时间),non,exercitation,aliquip,82,est,Thu Mar 07 2019 13:58:14 GMT+0800 (中国标准时间),dolor,culpa,aute,"Do eu Lorem velit ullamco Lorem laborum eiusmod aliquip Lorem amet ipsum laborum non nostrud. Labore minim dolore pariatur commodo adipisicing ipsum dolore. Deserunt in commodo eu anim id nisi deserunt.
",green,"{{nteger(1,4000)}",47715,"Fugiat qui in et veniam nostrud eu esse dolore dolor enim et. Reprehenderit sint nostrud elit quis velit sunt amet laborum. Adipisicing culpa consectetur incididunt irure ullamco ipsum. Occaecat sit ea exercitation est aliquip et commodo. Labore eiusmod duis veniam tempor cupidatat irure culpa amet.
"
5d36c5a6a57c984ffee1f23c,qui,anim,consectetur,incididunt,incididunt,mollit,reprehenderit,39,Mon Dec 21 2015 21:54:25 GMT+0800 (中国标准时间),eu,est,esse,71,nulla,Mon Mar 25 2019 23:04:17 GMT+0800 (中国标准时间),sint,laborum,adipisicing,"Veniam sit irure et nostrud non quis dolore dolore ullamco. Nulla proident adipisicing Lorem cillum reprehenderit. Exercitation ex ea quis esse. Voluptate nulla nisi amet voluptate officia Lorem. Elit culpa ullamco minim voluptate officia culpa incididunt nulla.
",blue,"{{nteger(1,4000)}",39517,"Incididunt pariatur quis laboris anim incididunt excepteur eu dolor mollit cupidatat. Adipisicing ut mollit do esse voluptate occaecat voluptate eiusmod labore reprehenderit tempor occaecat anim. Occaecat sint elit laboris deserunt occaecat et reprehenderit officia irure laborum id. Consectetur ut laboris elit culpa proident. Ullamco cillum occaecat officia ipsum excepteur elit et nisi velit ullamco.
"
5d36c5a6100fe7537f2b37f0,Lorem,officia,ea,reprehenderit,pariatur,in,est,113,Sat Jul 21 2012 11:15:00 GMT+0800 (中国标准时间),reprehenderit,et,minim,74,laboris,Sat May 19 2018 01:33:25 GMT+0800 (中国标准时间),irure,duis,qui,"Sunt consectetur adipisicing nostrud officia irure mollit dolor sunt nulla pariatur voluptate tempor nisi. Ea consequat Lorem occaecat excepteur eu. Dolore velit et Lorem culpa quis nostrud adipisicing sint aliquip laboris amet. Consectetur laborum aliquip ullamco ea exercitation adipisicing adipisicing. Velit sunt veniam mollit minim ullamco veniam est consequat qui voluptate.
",brown,"{{nteger(1,4000)}",23323,"Deserunt aliquip ut anim sit velit incididunt. In culpa dolor nisi ullamco id. Pariatur consequat tempor laboris incididunt id sunt id minim incididunt eu. Aliquip culpa ullamco aute reprehenderit duis eu. Culpa ullamco sunt et exercitation voluptate ea reprehenderit. Tempor mollit consectetur in nisi fugiat occaecat sint consequat aliquip.
"
5d36c5a60024acd128b21e44,dolor,aliquip,deserunt,sunt,ullamco,minim,Lorem,72,Wed Jul 17 2019 21:52:54 GMT+0800 (中国标准时间),pariatur,laborum,consequat,156,veniam,Sat Feb 16 2019 00:08:58 GMT+0800 (中国标准时间),nulla,esse,nisi,"Eu est nulla eu esse ullamco adipisicing labore. Dolor Lorem exercitation consectetur duis nostrud velit magna. Officia enim ad sint pariatur. Dolor sunt ipsum deserunt fugiat velit duis eu sint velit adipisicing sit veniam ex.
",blue,"{{nteger(1,4000)}",34449,"Ad minim nisi eiusmod amet ea ipsum ut cupidatat ex quis id sit mollit minim. Fugiat qui duis deserunt sunt velit fugiat eu nostrud. Elit occaecat nulla ad veniam consequat occaecat minim qui elit aute cupidatat. Ipsum reprehenderit ipsum fugiat excepteur deserunt est adipisicing ut ut esse nostrud.
"
5d36c5a6066c964191e228be,fugiat,voluptate,incididunt,ullamco,nisi,do,et,76,Fri May 03 2013 10:57:12 GMT+0800 (中国标准时间),aliqua,fugiat,labore,29,enim,Fri Jan 11 2019 09:33:19 GMT+0800 (中国标准时间),sit,culpa,sit,"Dolor ea eiusmod consequat culpa cillum. Eiusmod amet exercitation non laborum in reprehenderit ad id culpa minim. Incididunt fugiat velit voluptate dolor irure non aliqua anim proident. Amet nisi nostrud est nostrud nisi officia ex non occaecat nostrud. Aliqua culpa amet eiusmod amet tempor.
",green,"{{nteger(1,4000)}",43749,"Ad amet quis cupidatat exercitation excepteur veniam reprehenderit minim tempor labore consequat ipsum. Consectetur in exercitation magna cillum enim cillum ex mollit sit excepteur. Adipisicing nulla nisi cupidatat voluptate fugiat ea dolore ipsum. Irure commodo laborum est sint consectetur ipsum officia et incididunt voluptate eu.
"
5d36c5a639ab445106b7c7a8,elit,reprehenderit,do,mollit,sint,et,incididunt,102,Sun May 22 2011 04:26:03 GMT+0800 (中国标准时间),culpa,ut,nulla,27,duis,Tue Oct 23 2018 17:30:42 GMT+0800 (中国标准时间),culpa,esse,velit,"Aliqua exercitation amet labore est labore eu amet sint id. Cillum laboris qui sint tempor aliquip aute exercitation cillum nostrud occaecat. Nulla exercitation pariatur adipisicing qui cillum occaecat nulla pariatur non ad labore. Consequat exercitation laboris voluptate aliqua exercitation id Lorem officia magna.
",green,"{{nteger(1,4000)}",21424,"Adipisicing ipsum et non do ut tempor adipisicing. Amet id amet incididunt cillum ex aliqua pariatur et culpa exercitation pariatur quis occaecat. Eu ullamco esse nostrud magna. Laboris velit reprehenderit magna sit. Mollit anim ullamco ad do cupidatat reprehenderit velit quis laboris cupidatat. Consectetur nostrud do voluptate occaecat velit cillum ad irure.
"
5d36c5a6bca7affd88852bce,eu,do,officia,duis,tempor,ullamco,aute,71,Tue Dec 24 2013 22:10:34 GMT+0800 (中国标准时间),ullamco,cupidatat,occaecat,116,Lorem,Sat Dec 23 2017 19:05:43 GMT+0800 (中国标准时间),proident,consequat,occaecat,"Tempor tempor velit sunt ut mollit nulla cupidatat cupidatat fugiat anim et officia. Cillum incididunt ex est ullamco in proident irure non ipsum et est. Ipsum sit est cillum qui aliquip consectetur est. Ea proident magna mollit excepteur est quis qui et duis non. Nostrud nostrud qui adipisicing ad proident amet laboris voluptate dolor nostrud veniam dolor. Est Lorem laborum irure labore amet eiusmod consectetur ex excepteur aliquip ea cupidatat minim eiusmod. Elit exercitation mollit quis aliquip ad commodo qui aute incididunt quis laborum nostrud velit.
",blue,"{{nteger(1,4000)}",27112,"Duis laboris nulla proident eu. Do pariatur magna cupidatat incididunt culpa consequat excepteur. Duis deserunt excepteur est veniam duis ea mollit deserunt dolore sit et.
"
5d36c5a663ea8c9e1b4bafd1,nostrud,non,proident,cupidatat,laboris,in,occaecat,191,Sun Sep 11 2011 05:57:54 GMT+0800 (中国标准时间),deserunt,occaecat,consequat,140,cupidatat,Thu Aug 17 2017 20:33:55 GMT+0800 (中国标准时间),adipisicing,elit,irure,"Et elit esse consequat amet incididunt. Esse sit id enim mollit nostrud. Duis veniam consectetur esse officia adipisicing nostrud nisi culpa exercitation cupidatat. Dolore sint et est anim sunt duis reprehenderit. Officia consectetur amet non id sit occaecat ex.
",brown,"{{nteger(1,4000)}",43040,"Incididunt nulla tempor id eu tempor ullamco sit deserunt consectetur consectetur ut ullamco. Occaecat proident Lorem fugiat id quis labore quis cupidatat duis. Sunt sint sunt duis proident do. Ea proident anim consequat nulla aute sint ex ut consectetur irure incididunt voluptate laborum ex. Culpa reprehenderit occaecat duis minim id est qui est tempor.
"
5d36c5a6ea11810fbc45208f,aute,irure,enim,incididunt,elit,enim,enim,127,Sun Mar 05 2017 23:48:53 GMT+0800 (中国标准时间),sit,esse,ipsum,100,dolor,Sun Jan 22 2017 02:25:13 GMT+0800 (中国标准时间),voluptate,sit,exercitation,"Laborum fugiat dolore proident nostrud in. Commodo sint tempor consectetur ipsum id. Eu velit proident aliqua aliqua ut ad cupidatat aliqua Lorem tempor voluptate ut aute. Officia nisi minim cupidatat aute.
",green,"{{nteger(1,4000)}",23217,"Anim fugiat officia ullamco in velit laboris pariatur magna aute do dolor ipsum pariatur sunt. Occaecat aute duis do reprehenderit ad exercitation. Eu eu qui nulla aliquip do. Tempor laboris esse fugiat reprehenderit nostrud eu id non excepteur anim.
"
5d36c5a6655f9459d2eb389c,quis,id,ea,deserunt,cupidatat,occaecat,do,173,Wed Dec 27 2017 03:59:46 GMT+0800 (中国标准时间),duis,sit,laboris,23,est,Fri Jan 18 2019 13:58:56 GMT+0800 (中国标准时间),laboris,excepteur,velit,"Id dolore minim aute exercitation ad velit amet id cillum mollit dolore voluptate. Sunt sint adipisicing nulla voluptate nostrud aliquip. Aliqua cillum et aliqua adipisicing eu enim laboris nisi. Eiusmod consequat nisi elit sit enim fugiat minim veniam exercitation est laborum reprehenderit.
",brown,"{{nteger(1,4000)}",32413,"Aute quis id nulla elit est irure amet id reprehenderit ea dolore consequat proident ut. Voluptate est do minim incididunt laboris non minim Lorem eu Lorem occaecat ullamco. Ea laborum mollit occaecat laboris quis pariatur ullamco sunt exercitation ad dolor est. Incididunt reprehenderit veniam proident in esse laboris sunt reprehenderit magna. Commodo qui eu exercitation elit excepteur. Non est esse minim duis ut culpa ipsum ipsum elit amet reprehenderit eiusmod tempor cupidatat.
"
5d36c5a6e4260d43c69bea1d,irure,cupidatat,tempor,deserunt,do,occaecat,incididunt,76,Sat Jun 17 2017 08:02:49 GMT+0800 (中国标准时间),non,ex,Lorem,77,est,Wed Sep 06 2017 19:11:36 GMT+0800 (中国标准时间),qui,ullamco,sit,"Labore esse fugiat voluptate nostrud nulla velit et. Commodo est quis officia ut exercitation. Tempor voluptate do duis nisi ullamco occaecat cupidatat consectetur enim.
",blue,"{{nteger(1,4000)}",14088,"Ad magna eu nulla proident commodo. Adipisicing laboris dolor eu anim anim sunt veniam sunt dolor officia. Aute aliqua proident non tempor ea consequat dolore enim non laboris laborum magna eu. Dolore non sint nulla elit Lorem nulla mollit sunt et ipsum laborum sint sint. Irure elit consequat esse minim anim qui aliqua quis reprehenderit ex tempor magna reprehenderit. Nostrud incididunt id commodo adipisicing anim minim cupidatat aliquip fugiat minim mollit et id.
"
5d36c5a65e2939c9e2a33a48,minim,proident,magna,irure,id,incididunt,sunt,179,Fri Apr 15 2011 19:42:07 GMT+0800 (中国标准时间),proident,aute,nisi,56,ea,Mon Mar 12 2018 13:58:01 GMT+0800 (中国标准时间),do,incididunt,Lorem,"Minim ipsum eiusmod magna minim. Laboris duis nostrud quis eiusmod proident irure deserunt ea non. Ipsum qui et enim eu reprehenderit ut magna qui aliquip nulla consectetur. Culpa pariatur occaecat eiusmod ea qui. Officia eiusmod sit id ex irure minim ad Lorem pariatur ex in. Mollit non elit do excepteur enim occaecat.
",green,"{{nteger(1,4000)}",23583,"Minim cillum laborum cupidatat ipsum est mollit. Ea consectetur ea nisi esse nostrud pariatur cillum. Consequat commodo sit dolore qui nulla nulla occaecat et sit voluptate non.
"
5d36c5a61ea96058166784f2,eiusmod,sint,laborum,ipsum,voluptate,ad,consectetur,32,Tue Oct 25 2016 13:02:29 GMT+0800 (中国标准时间),qui,anim,ipsum,43,eu,Fri Feb 08 2019 03:12:43 GMT+0800 (中国标准时间),adipisicing,aliquip,tempor,"Tempor excepteur est nulla occaecat minim nisi officia nisi mollit. Amet ipsum excepteur nisi incididunt. Qui commodo velit laboris consequat exercitation irure cillum irure cillum magna minim. Ad in deserunt exercitation amet consectetur cillum ullamco eu id veniam.
",green,"{{nteger(1,4000)}",44747,"Incididunt id culpa Lorem laborum officia fugiat nostrud est id ut reprehenderit nulla anim occaecat. Pariatur id dolor cillum Lorem officia adipisicing dolor sint magna. Veniam mollit irure ad duis do id cupidatat amet laboris commodo ad.
"
5d36c5a674009feb2b156e97,dolor,adipisicing,qui,sunt,et,aliqua,laborum,173,Sat Oct 14 2017 15:47:00 GMT+0800 (中国标准时间),ad,anim,et,103,sit,Sun Aug 06 2017 18:11:09 GMT+0800 (中国标准时间),reprehenderit,exercitation,tempor,"Duis cupidatat Lorem aliqua aliquip nulla reprehenderit ex enim sit veniam. Excepteur fugiat ut sit in excepteur sit officia nisi eu proident anim aliquip in. Aliqua exercitation occaecat ullamco est. Ea ullamco aute exercitation cillum ea voluptate esse. Mollit ut do ea magna aliquip sunt reprehenderit ipsum. Incididunt aute esse eu elit velit proident. Excepteur aute consectetur aliquip veniam do elit incididunt irure ut deserunt Lorem eu.
",blue,"{{nteger(1,4000)}",12353,"Amet anim ex laborum occaecat. Id in duis consectetur tempor velit nulla consectetur esse sunt ad incididunt incididunt aliqua occaecat. Occaecat dolor do magna eu ut aute ad veniam. Elit exercitation ad esse in deserunt aliqua.
"
5d36c5a61054ec53dd6d54c5,occaecat,reprehenderit,cillum,magna,nulla,excepteur,in,138,Tue Jan 27 2015 04:30:57 GMT+0800 (中国标准时间),anim,amet,ullamco,149,quis,Mon Jul 16 2018 22:11:06 GMT+0800 (中国标准时间),officia,et,officia,"Pariatur do minim nisi nulla est tempor aute proident est minim consequat laborum et culpa. Duis tempor consequat quis esse dolor mollit ipsum ut et deserunt sint aliquip. Qui ad labore deserunt consectetur consequat qui deserunt do id reprehenderit eiusmod in. Lorem sunt ea aliqua ea dolor. Nisi enim cillum quis ut velit non laboris mollit sint occaecat.
",green,"{{nteger(1,4000)}",15475,"Et eu amet voluptate et aliqua in. Commodo anim dolore enim nisi labore commodo commodo mollit ut elit consectetur nisi. Cupidatat ut reprehenderit consectetur magna pariatur adipisicing pariatur aliqua cupidatat pariatur reprehenderit sint voluptate.
"
5d36c5a6f5878e910e4585f7,anim,reprehenderit,quis,consectetur,dolor,sint,culpa,111,Sat Nov 02 2013 22:22:51 GMT+0800 (中国标准时间),ut,magna,anim,29,do,Mon Mar 25 2019 00:32:31 GMT+0800 (中国标准时间),pariatur,adipisicing,nisi,"Velit nostrud labore Lorem esse nostrud ex enim consectetur. Pariatur dolor consequat ea labore do ex eiusmod eu voluptate cupidatat. Nostrud velit aliqua non fugiat eiusmod nulla labore proident reprehenderit cupidatat. Ipsum cillum voluptate nulla minim proident. Ex ea consectetur nisi enim nulla non elit eiusmod esse voluptate. Labore culpa et anim sit adipisicing.
",brown,"{{nteger(1,4000)}",47708,"Magna consectetur ullamco duis pariatur eiusmod excepteur magna culpa incididunt. Nulla eu quis id nostrud. Elit aliqua minim qui et. Eu sunt voluptate nostrud ex sint mollit elit anim fugiat deserunt duis quis culpa eiusmod.
"
5d36c5a67b2ce2319ed1b82f,non,velit,fugiat,amet,ipsum,occaecat,consectetur,121,Thu Dec 14 2017 21:38:57 GMT+0800 (中国标准时间),labore,veniam,et,49,minim,Tue Sep 05 2017 13:09:24 GMT+0800 (中国标准时间),irure,fugiat,reprehenderit,"Proident ea do occaecat sit. Sint nulla veniam enim reprehenderit fugiat nisi do. Do aute elit ullamco exercitation ullamco est nisi cillum in. Est eiusmod velit eu nulla commodo Lorem Lorem voluptate sunt excepteur qui.
",green,"{{nteger(1,4000)}",22848,"Occaecat sunt cillum enim anim fugiat sunt ea magna. Reprehenderit voluptate ex officia anim eu nulla deserunt consequat. Voluptate qui laborum commodo sint ad minim irure dolor. Amet duis eu occaecat ea veniam quis anim sit. Laborum aliqua mollit excepteur veniam elit amet eu est irure pariatur consectetur amet. Reprehenderit incididunt deserunt consequat ipsum ipsum labore ipsum exercitation voluptate.
"
5d36c5a60036ed7b690b0b79,occaecat,culpa,aliquip,dolore,labore,nulla,qui,69,Sat Sep 01 2012 16:16:05 GMT+0800 (中国标准时间),adipisicing,non,ex,109,eiusmod,Thu Aug 02 2018 12:22:21 GMT+0800 (中国标准时间),excepteur,consequat,ipsum,"Adipisicing velit minim ea eiusmod voluptate ex officia mollit. Qui id deserunt consectetur in magna ea non elit consequat sit reprehenderit veniam ea nisi. Laboris dolore minim adipisicing cillum esse qui quis quis.
",brown,"{{nteger(1,4000)}",48729,"Cupidatat consectetur tempor mollit est ullamco minim laboris excepteur amet consequat. Lorem ea nisi incididunt labore proident. Deserunt adipisicing officia aute irure ad labore deserunt ut. Occaecat et eu ad voluptate. Excepteur velit aliquip non proident minim officia culpa.
"
5d36c5a6778321dfc2cb22e6,laboris,consectetur,dolore,sit,proident,eu,duis,55,Wed Jul 18 2018 16:20:24 GMT+0800 (中国标准时间),ex,pariatur,exercitation,21,culpa,Wed May 15 2019 04:23:01 GMT+0800 (中国标准时间),sunt,nulla,tempor,"Exercitation veniam minim minim aliqua ipsum tempor sit cupidatat nulla. Veniam pariatur magna ea reprehenderit qui esse. Est ut sint laborum labore veniam in cupidatat occaecat sunt consectetur do sunt magna. Fugiat dolor et et Lorem. Tempor velit voluptate sit commodo Lorem proident. Minim exercitation sint laborum amet qui.
",brown,"{{nteger(1,4000)}",46310,"Labore qui ad labore cupidatat do ex. Eiusmod ea irure aliquip sint do nulla adipisicing aliqua ex et consectetur laboris tempor cillum. Nulla sint ipsum aute sint aliquip nisi in in amet ut amet. Irure labore voluptate laborum cillum nisi excepteur laborum incididunt minim elit ut consectetur. Lorem amet mollit reprehenderit do ullamco anim fugiat exercitation. Labore cillum ipsum laborum voluptate. Minim fugiat deserunt reprehenderit tempor nostrud id ipsum.
"
5d36c5a6c163e5db3b780535,dolor,ad,voluptate,exercitation,aliquip,mollit,aliquip,66,Wed Oct 30 2013 15:02:59 GMT+0800 (中国标准时间),quis,excepteur,pariatur,100,nulla,Tue Sep 11 2018 21:21:58 GMT+0800 (中国标准时间),ipsum,est,ex,"Esse duis nostrud commodo voluptate ipsum deserunt est aute mollit. Anim officia exercitation magna fugiat eu ullamco ex cillum. Cillum sunt Lorem dolor incididunt. Non eiusmod qui exercitation est ipsum voluptate fugiat aliquip sint laboris ad enim magna.
",green,"{{nteger(1,4000)}",4861,"Ipsum eu ut nostrud ad labore voluptate sint velit aliqua nisi consectetur ullamco dolore deserunt. Ad veniam anim ipsum aute minim voluptate non. Non aliqua ad officia dolor ipsum elit tempor magna adipisicing pariatur occaecat ut.
"
5d36c5a60b893f55e222376c,in,culpa,non,ea,ea,velit,aliqua,198,Wed Mar 28 2018 04:05:27 GMT+0800 (中国标准时间),sit,dolor,ullamco,77,enim,Mon Jan 16 2017 04:48:35 GMT+0800 (中国标准时间),sint,irure,adipisicing,"Sit reprehenderit exercitation mollit adipisicing mollit deserunt occaecat exercitation cillum magna aliqua id eu ex. Adipisicing in deserunt officia duis quis aliquip aute fugiat commodo anim proident incididunt sint. Veniam Lorem esse ipsum veniam.
",brown,"{{nteger(1,4000)}",4246,"Ullamco ad tempor amet in pariatur qui aliqua ipsum. Esse ex laboris voluptate deserunt proident veniam sunt cupidatat sunt in laborum incididunt magna. Sunt aliquip ex anim et culpa consectetur consectetur eiusmod cupidatat cillum dolore. Ad consequat consectetur velit excepteur laborum. Quis nulla laboris exercitation et occaecat Lorem fugiat aliquip consequat tempor est proident. Aliquip nisi fugiat velit labore ad irure voluptate ut aliqua. Est amet elit exercitation ex non dolore consequat nulla sunt nisi enim magna ullamco irure.
"
5d36c5a68fcee9af20f73dac,culpa,ullamco,sint,fugiat,nisi,mollit,minim,151,Tue Oct 31 2017 13:46:37 GMT+0800 (中国标准时间),cupidatat,consequat,id,77,tempor,Tue Oct 03 2017 00:13:25 GMT+0800 (中国标准时间),id,nulla,et,"Eiusmod officia dolor elit velit ea officia sunt consequat ex ex. Elit nisi deserunt quis ullamco ipsum exercitation fugiat aute sint enim. Irure laborum esse eiusmod velit cillum ut. Aliquip non veniam sit laboris ad pariatur aliqua qui enim ipsum enim id in. Incididunt proident deserunt anim non magna est dolor sint eiusmod esse magna nisi aute. Sunt nostrud dolor labore ea ea consectetur eiusmod in officia quis Lorem id. Esse esse et irure duis.
",blue,"{{nteger(1,4000)}",32663,"Culpa Lorem ad quis fugiat Lorem incididunt exercitation voluptate adipisicing exercitation labore magna. Enim magna fugiat dolor nisi Lorem labore. Cillum nisi exercitation labore fugiat non. Do aliquip commodo elit ad cupidatat do officia esse cupidatat.
"
5d36c5a6c3e9454b29c79aba,est,dolore,nisi,exercitation,cupidatat,amet,quis,170,Fri Feb 11 2011 17:48:44 GMT+0800 (中国标准时间),officia,tempor,cillum,118,labore,Mon Mar 25 2019 16:56:31 GMT+0800 (中国标准时间),sint,mollit,veniam,"Voluptate est adipisicing nisi culpa deserunt. Sunt est nisi irure minim dolor quis elit esse culpa amet. Culpa elit aliquip ex quis et aute cupidatat et do veniam est.
",brown,"{{nteger(1,4000)}",22353,"Incididunt irure enim officia eiusmod Lorem et sit ut anim ea. Fugiat commodo laborum qui ad do in magna sunt sit magna dolore adipisicing et magna. Cupidatat sit esse mollit in velit dolor ea ut pariatur. Sit laborum ullamco deserunt sunt cupidatat nostrud culpa. Eiusmod quis laborum Lorem laboris consectetur excepteur veniam eiusmod nostrud. Tempor nulla mollit officia minim. Ad non non nisi mollit excepteur culpa ex sunt non.
"
5d36c5a6ec4edabb449b3cd9,velit,dolor,in,non,duis,anim,elit,96,Wed Dec 14 2016 04:05:23 GMT+0800 (中国标准时间),ad,do,ad,74,culpa,Sat Nov 11 2017 19:18:58 GMT+0800 (中国标准时间),consequat,Lorem,commodo,"Culpa deserunt eiusmod aliqua labore voluptate sint. Aliqua occaecat sunt tempor elit nisi laborum duis nostrud. Do consectetur consequat proident ea esse amet esse irure est non in voluptate ea. Commodo consequat officia consectetur labore amet anim et deserunt adipisicing culpa est ex. Laboris tempor occaecat ex quis irure duis exercitation aliqua occaecat quis veniam quis.
",blue,"{{nteger(1,4000)}",18716,"Dolor duis ut mollit ad. Veniam excepteur nulla pariatur sunt veniam. Commodo cupidatat ipsum proident tempor do. Exercitation enim quis ad laborum eiusmod ex incididunt sunt non sint non mollit minim. Nisi consequat enim veniam proident enim tempor elit dolore.
"
5d36c5a605ec7444c688e951,ea,reprehenderit,enim,ad,proident,nulla,mollit,24,Tue Jan 28 2014 20:11:31 GMT+0800 (中国标准时间),nulla,incididunt,Lorem,83,ex,Tue Nov 28 2017 15:17:00 GMT+0800 (中国标准时间),incididunt,magna,anim,"Excepteur tempor tempor nisi officia nulla irure ea dolore. Esse labore elit ipsum aliqua est. Exercitation id quis et aliqua aute in sint consectetur magna. Duis labore cupidatat aliquip proident dolor sunt minim ad tempor.
",green,"{{nteger(1,4000)}",17091,"Eu laborum culpa elit est consequat laborum ullamco esse ea adipisicing ullamco duis. Voluptate elit et commodo reprehenderit cillum anim magna est in velit sunt laboris exercitation. Tempor ex ullamco dolore magna quis. Ad ut ad do minim reprehenderit ad dolore pariatur amet adipisicing. Esse et laboris aliquip ut ea anim cupidatat id minim veniam. Voluptate qui veniam laborum ad non labore.
"
5d36c5a6746b1508702dc545,irure,adipisicing,mollit,ut,cupidatat,consequat,ullamco,144,Wed Feb 10 2016 13:20:31 GMT+0800 (中国标准时间),consequat,Lorem,minim,99,quis,Fri Mar 17 2017 03:09:28 GMT+0800 (中国标准时间),enim,adipisicing,exercitation,"Elit magna proident nisi ea duis. Aute id ea culpa reprehenderit. Ullamco aliqua tempor ut mollit sunt nulla consectetur proident consequat sunt et. Mollit officia labore culpa labore. Est dolor nostrud in culpa et non minim aliquip consequat culpa aute qui amet reprehenderit. Pariatur ex dolore amet reprehenderit laborum.
",blue,"{{nteger(1,4000)}",29199,"Est deserunt magna mollit ullamco irure laboris tempor sunt. Culpa irure commodo mollit nisi ad cillum est duis est. Elit duis do et officia commodo. Fugiat sint quis labore non deserunt aliqua enim pariatur in nulla eiusmod. Exercitation quis eiusmod do occaecat dolore in exercitation. Ea sunt ipsum dolor velit nostrud ut veniam velit irure adipisicing fugiat mollit esse.
"
5d36c5a6c33941388c7c410d,fugiat,commodo,fugiat,aliqua,fugiat,veniam,cillum,173,Thu Sep 12 2013 04:28:22 GMT+0800 (中国标准时间),deserunt,laboris,consectetur,37,consequat,Sun Jan 21 2018 00:54:28 GMT+0800 (中国标准时间),dolore,cupidatat,id,"Pariatur dolor cillum esse minim nostrud consectetur magna amet exercitation eu mollit mollit voluptate. Adipisicing aute nisi in laborum. Non commodo voluptate qui qui culpa laborum enim proident. Cupidatat anim minim ex quis irure sunt. Labore minim pariatur Lorem ea occaecat nisi labore eu enim elit.
",green,"{{nteger(1,4000)}",9288,"Fugiat irure ut irure fugiat reprehenderit. Esse ut ipsum laborum sint officia quis esse incididunt. Dolore voluptate irure ea ullamco. Eiusmod ipsum commodo duis consectetur et ea ut pariatur. Culpa veniam cillum laborum exercitation enim labore eu proident. Ex officia pariatur eu pariatur proident consectetur labore esse eu. Enim Lorem est veniam Lorem.
"
5d36c5a6e5b03a6c46de0aec,ipsum,nostrud,aliqua,mollit,dolor,laborum,dolore,81,Fri Jun 08 2012 22:22:49 GMT+0800 (中国标准时间),adipisicing,consequat,fugiat,75,est,Mon Jan 28 2019 17:23:23 GMT+0800 (中国标准时间),est,sint,amet,"Ad officia eiusmod occaecat cupidatat ipsum. Nisi in sit eu exercitation proident ut fugiat occaecat sint eiusmod. Elit pariatur aliqua labore commodo cillum excepteur sunt do consectetur non officia. Ut veniam sit sunt ut est id elit ut pariatur nulla cillum culpa incididunt excepteur. Dolor aliquip aliqua nostrud excepteur culpa ullamco nostrud et aliqua cupidatat ut cillum cupidatat reprehenderit. Velit Lorem velit ullamco ut non tempor aliqua amet voluptate. Consectetur ut dolore nulla dolor consectetur elit Lorem.
",blue,"{{nteger(1,4000)}",44346,"Nisi in eiusmod deserunt ut qui. Laboris proident veniam consequat id eu proident. Enim laboris culpa cupidatat Lorem velit id eiusmod ullamco. Ut quis laboris non aute excepteur labore reprehenderit consequat. Excepteur ipsum eu do magna anim pariatur sunt dolor elit voluptate.
"
5d36c5a62718920c0143f15f,sint,dolor,irure,in,sunt,deserunt,ea,174,Fri Feb 06 2015 22:34:03 GMT+0800 (中国标准时间),reprehenderit,cillum,duis,158,veniam,Sat Jun 16 2018 03:33:05 GMT+0800 (中国标准时间),id,id,nulla,"Commodo dolor ipsum exercitation minim est enim aliqua quis labore laboris qui est sit mollit. Pariatur consectetur quis ad officia id. Eiusmod id consectetur labore minim consectetur esse officia. Velit duis cillum in eu sint consequat aute labore fugiat commodo ex id pariatur.
",green,"{{nteger(1,4000)}",36265,"Cupidatat velit cillum laboris laboris id qui sit magna irure nostrud. Officia ex laborum consectetur non in laboris ipsum anim ipsum Lorem occaecat esse culpa amet. Ex qui adipisicing laborum esse et do excepteur eiusmod.
"
5d36c5a640d65aede5150926,officia,veniam,officia,elit,incididunt,enim,exercitation,45,Wed May 18 2016 06:30:06 GMT+0800 (中国标准时间),excepteur,nisi,eu,143,nulla,Tue Jan 02 2018 22:05:26 GMT+0800 (中国标准时间),ad,laborum,elit,"Cillum elit labore eu qui velit non sint voluptate sint occaecat in dolore. Quis duis sunt dolor dolor anim cillum esse ad elit laborum ea dolor. Duis irure aute consequat dolore pariatur irure qui non ad sunt nulla cupidatat magna. Magna sint ipsum anim est irure nostrud sint consectetur officia tempor exercitation qui labore officia. Est ipsum reprehenderit est excepteur Lorem deserunt fugiat commodo aliquip non occaecat commodo velit. Qui elit veniam nulla quis sit.
",brown,"{{nteger(1,4000)}",1104,"Eu cupidatat commodo ad do ex magna Lorem eiusmod cillum. Ullamco commodo occaecat commodo in sint ea laboris occaecat ipsum anim. Ipsum do ea sunt est est excepteur sint.
"
5d36c5a6deca0e20b9f7858d,ullamco,ex,do,tempor,proident,laborum,Lorem,3,Sun Feb 12 2012 02:39:42 GMT+0800 (中国标准时间),laboris,elit,incididunt,39,quis,Sun Aug 13 2017 18:41:45 GMT+0800 (中国标准时间),in,eu,do,"In excepteur dolor enim cupidatat laboris exercitation culpa duis aliquip est. Laborum id ipsum ipsum excepteur est. Est ea consectetur ipsum cillum et. Dolore in anim laborum anim ex culpa id fugiat. Ullamco Lorem duis reprehenderit sint officia do aute. Officia quis fugiat adipisicing eiusmod Lorem excepteur. Culpa nisi magna sunt Lorem adipisicing nisi labore voluptate id.
",blue,"{{nteger(1,4000)}",48576,"Veniam tempor nulla ex consequat sint sit. Duis occaecat sit reprehenderit incididunt nulla exercitation sit voluptate proident duis do nisi exercitation. Voluptate est sint veniam reprehenderit tempor nostrud commodo proident incididunt. Esse ipsum irure minim officia minim. Enim dolore dolor in id occaecat fugiat enim laborum qui deserunt cillum deserunt eiusmod minim.
"
5d36c5a6c7084f1b41b6b8ad,magna,aliqua,non,exercitation,veniam,enim,ut,118,Sat Sep 24 2016 19:24:03 GMT+0800 (中国标准时间),non,ad,Lorem,27,velit,Thu Feb 07 2019 10:07:34 GMT+0800 (中国标准时间),est,cillum,sint,"Veniam sit eiusmod amet adipisicing adipisicing reprehenderit fugiat exercitation qui eiusmod non mollit. Excepteur veniam ad ad non ut ea non fugiat. Eiusmod enim laboris non dolor est ex non consequat dolore nisi ut occaecat. Excepteur magna et veniam cillum exercitation. Culpa elit consequat eu sint dolore est sint reprehenderit eiusmod. Sit et voluptate qui dolor do duis ea nulla amet dolor et id. Elit labore sit tempor et nulla voluptate nostrud Lorem.
",blue,"{{nteger(1,4000)}",27024,"Ullamco enim qui proident laboris ullamco qui ad irure proident Lorem cupidatat. Culpa commodo excepteur labore eu exercitation elit. Sunt aliqua proident deserunt dolor et eiusmod minim dolore voluptate et sint cupidatat sunt aliqua.
"
5d36c5a6e9bfd437f3bb51bd,tempor,esse,in,excepteur,culpa,officia,sit,107,Sat Dec 22 2018 16:06:11 GMT+0800 (中国标准时间),mollit,proident,ad,123,irure,Mon Oct 23 2017 06:36:57 GMT+0800 (中国标准时间),quis,deserunt,occaecat,"Ut consequat sunt nisi ut. Sit minim anim commodo officia eiusmod aute eiusmod irure tempor. Irure in elit qui aute. Enim aliquip dolore est commodo ullamco adipisicing aliquip culpa aliqua consequat in non dolore ut. Non cupidatat mollit ex nostrud aliqua deserunt sunt culpa occaecat. Ipsum cillum magna mollit occaecat pariatur in consequat excepteur id deserunt irure. Nulla excepteur reprehenderit voluptate ad non excepteur proident amet enim anim in enim.
",green,"{{nteger(1,4000)}",45228,"Culpa eiusmod aute proident sit irure labore dolor magna cupidatat. Sit eu amet sit pariatur enim reprehenderit eu laborum. Laborum dolore sint ex duis excepteur est excepteur in nulla aute veniam qui. Adipisicing id adipisicing aute adipisicing proident nulla voluptate labore. Fugiat id aliqua elit dolor ea pariatur minim proident.
"
5d36c5a681a1e637481688e8,qui,ea,esse,amet,incididunt,voluptate,enim,58,Sun Feb 10 2013 08:52:21 GMT+0800 (中国标准时间),labore,do,eu,178,dolor,Sat Jan 06 2018 15:01:30 GMT+0800 (中国标准时间),mollit,ullamco,culpa,"Nulla eiusmod do aliqua occaecat. Eiusmod officia deserunt ut nostrud. Non officia Lorem quis nisi ea mollit duis in anim ea laborum excepteur.
",brown,"{{nteger(1,4000)}",34186,"Eu Lorem sit nulla elit nisi minim minim laboris qui do officia officia veniam. Deserunt irure sint Lorem enim ex ipsum ut Lorem aute ea. Proident pariatur dolor laborum veniam fugiat adipisicing nulla eiusmod aliquip incididunt in officia. Ipsum Lorem nostrud consequat consequat ad dolore cupidatat esse culpa.
"
5d36c5a643d7565f1828da32,proident,voluptate,et,velit,ad,exercitation,esse,45,Thu Sep 17 2015 16:17:53 GMT+0800 (中国标准时间),irure,ad,pariatur,134,consectetur,Thu Sep 27 2018 08:07:56 GMT+0800 (中国标准时间),velit,quis,elit,"Cillum ut excepteur exercitation dolor labore tempor consequat aute anim exercitation culpa eu esse. Non consectetur in minim proident cupidatat sint aute sit voluptate voluptate ad dolor ipsum. Magna aute proident Lorem labore proident consequat Lorem. Dolor non eu laboris cillum minim duis consectetur voluptate commodo esse magna. Non non enim sunt culpa non officia culpa enim velit culpa esse sit est exercitation. Eu anim minim officia ea commodo ullamco ut commodo excepteur et dolore nulla voluptate incididunt.
",brown,"{{nteger(1,4000)}",34285,"Aute labore reprehenderit eu dolor. Irure reprehenderit voluptate incididunt in sunt. Elit sunt culpa sunt voluptate laborum occaecat reprehenderit est duis elit quis. Ad eu deserunt minim aliquip laborum duis ex elit.
"
5d36c5a6cccb26cb87b67b0a,laboris,veniam,sit,aliqua,magna,ad,Lorem,70,Fri May 20 2011 19:56:00 GMT+0800 (中国标准时间),eu,qui,in,10,excepteur,Sun Aug 27 2017 10:22:43 GMT+0800 (中国标准时间),duis,cupidatat,aliquip,"Excepteur anim ipsum laboris do velit reprehenderit veniam. Nisi aute culpa cillum officia minim. Est enim consectetur nisi duis reprehenderit exercitation exercitation. Eiusmod veniam est Lorem elit. Eu ea consequat sint in commodo consequat aliqua eiusmod qui laborum ullamco officia.
",brown,"{{nteger(1,4000)}",20093,"Officia in commodo nulla velit esse commodo elit ut quis non mollit eu. Laborum exercitation enim ut elit voluptate do nulla quis mollit reprehenderit irure qui reprehenderit. Excepteur commodo ipsum elit laboris anim ea irure consequat aliquip deserunt laborum. Laboris sunt exercitation sint id commodo quis eu laboris consequat dolor nostrud amet dolore. Adipisicing do nisi qui aliqua voluptate magna anim minim dolor officia id ea ex.
"
5d36c5a66d0c81a3945d016d,ea,ipsum,proident,aliquip,incididunt,laborum,adipisicing,112,Sat Jun 02 2018 20:15:43 GMT+0800 (中国标准时间),ut,tempor,irure,111,consectetur,Sun Jul 07 2019 12:17:31 GMT+0800 (中国标准时间),in,nisi,labore,"Aliqua nostrud nulla sint labore ullamco nisi ex duis occaecat eu id eu. Nostrud aute proident non deserunt excepteur exercitation excepteur incididunt pariatur aliqua. Elit excepteur aliqua aute labore ad velit qui id id qui sit. Sint dolore ad duis enim. Labore consectetur cillum voluptate quis excepteur nisi sit qui sunt.
",brown,"{{nteger(1,4000)}",23557,"Cupidatat ex Lorem pariatur nisi quis sunt enim est culpa ipsum commodo. Laboris Lorem dolore commodo aute est et anim Lorem. Dolore excepteur voluptate exercitation sint.
"
5d36c5a6984ff9473d6026ef,quis,amet,Lorem,irure,esse,minim,consectetur,65,Fri Jan 06 2017 05:14:39 GMT+0800 (中国标准时间),ipsum,veniam,aliqua,30,proident,Wed Apr 19 2017 09:13:14 GMT+0800 (中国标准时间),duis,pariatur,laboris,"Duis duis qui qui commodo consectetur sint. Ex aliqua velit id labore proident dolor ea ea nisi voluptate laboris sunt ex. Qui occaecat minim irure labore ex pariatur labore do. Ex consequat dolor magna Lorem dolore adipisicing ex commodo eiusmod ipsum. Duis minim excepteur dolor commodo irure. Eiusmod excepteur et ea deserunt do ipsum commodo sit aute consequat exercitation ut incididunt.
",blue,"{{nteger(1,4000)}",24287,"Anim ea enim sit amet adipisicing ullamco elit est magna. Velit eiusmod aliqua culpa ad elit laboris reprehenderit id. Aliqua voluptate esse occaecat exercitation non excepteur excepteur proident laboris duis Lorem.
"
5d36c5a6a8635338df531180,ea,nulla,in,nostrud,nulla,nulla,dolore,118,Sat Sep 24 2011 14:33:13 GMT+0800 (中国标准时间),et,nulla,consequat,92,officia,Fri Aug 24 2018 21:16:14 GMT+0800 (中国标准时间),labore,excepteur,quis,"Nostrud et est id mollit enim enim cillum elit. In officia excepteur tempor occaecat voluptate sit ad sint labore. Eu esse nostrud dolor et do eu sint minim id est. Adipisicing excepteur aute sit magna duis magna culpa ad cillum quis esse exercitation. Ut nisi ad irure ex aute in amet tempor sunt excepteur fugiat aute.
",blue,"{{nteger(1,4000)}",32628,"Non ex duis veniam proident ullamco excepteur esse velit adipisicing. Dolore eiusmod mollit aute aliqua aliqua anim nisi officia duis ipsum reprehenderit sunt. Voluptate enim anim pariatur et esse voluptate occaecat occaecat sit aliqua laborum labore. Reprehenderit exercitation ullamco consectetur velit id nostrud incididunt non incididunt. Nulla do duis officia ut et proident dolor voluptate eu culpa nisi. Duis cillum labore nostrud mollit ex.
"
5d36c5a6a8d6e271c1a0e810,commodo,ullamco,tempor,amet,ullamco,proident,in,54,Mon Dec 24 2012 16:45:16 GMT+0800 (中国标准时间),aliquip,enim,sunt,117,esse,Wed Jan 25 2017 20:02:50 GMT+0800 (中国标准时间),elit,ad,culpa,"Aliqua do incididunt nostrud excepteur magna. Do ad nisi occaecat Lorem esse do cupidatat dolore eiusmod voluptate consectetur. Officia elit velit aliqua Lorem est enim pariatur veniam enim. Magna excepteur adipisicing cupidatat ut minim exercitation magna consequat cupidatat.
",green,"{{nteger(1,4000)}",7904,"Non laboris non velit ex voluptate velit nostrud incididunt laboris veniam. Veniam consectetur esse do Lorem magna ut veniam. Non eu amet deserunt non quis eiusmod laboris.
"
5d36c5a6c1293b1b22f1f39e,amet,exercitation,Lorem,ea,pariatur,quis,aliqua,21,Sun Jan 31 2016 07:35:19 GMT+0800 (中国标准时间),deserunt,officia,laborum,53,sit,Sat Sep 30 2017 14:18:43 GMT+0800 (中国标准时间),duis,ad,veniam,"Duis non duis mollit incididunt non. Occaecat est aliqua ut qui cupidatat deserunt nulla laborum. Deserunt cupidatat aliquip quis reprehenderit. Ullamco consequat irure cupidatat nisi proident qui aute.
",brown,"{{nteger(1,4000)}",26399,"Et pariatur culpa aliqua commodo nulla et adipisicing consectetur non pariatur minim exercitation. Qui adipisicing mollit ullamco est sunt aliqua cillum nostrud enim. Cillum ex pariatur elit duis est amet laboris. Ex velit duis consequat ad ullamco aliquip aliquip id sit reprehenderit sunt irure amet. Esse consectetur consequat nulla veniam deserunt dolor. Incididunt ea consequat mollit culpa duis ex nulla cupidatat anim exercitation qui ullamco. Id ipsum in do laborum Lorem sint deserunt.
"
5d36c5a6dcce5c5b0fd0f4d9,occaecat,aliqua,reprehenderit,veniam,sit,sint,anim,113,Fri Aug 26 2016 04:22:18 GMT+0800 (中国标准时间),non,mollit,ad,5,aliqua,Mon Jul 15 2019 17:44:48 GMT+0800 (中国标准时间),qui,non,reprehenderit,"Occaecat labore esse consectetur deserunt pariatur. Consequat veniam proident ipsum quis consequat amet dolor et veniam consequat. Elit consectetur laboris cillum Lorem.
",blue,"{{nteger(1,4000)}",45806,"Laboris ex nisi ea deserunt aliqua laboris dolor non velit. Esse exercitation sint nostrud velit ex in magna incididunt amet dolor eiusmod exercitation duis sint. Mollit fugiat magna mollit dolor sit.
"
5d36c5a666a9050a57fbe9fb,laboris,occaecat,et,et,qui,nulla,exercitation,171,Mon Aug 14 2017 06:43:10 GMT+0800 (中国标准时间),sit,tempor,labore,50,anim,Sun Jan 01 2017 04:33:50 GMT+0800 (中国标准时间),sint,aliqua,nostrud,"Aute aliqua nostrud pariatur incididunt dolor laborum magna excepteur qui. Reprehenderit velit magna veniam pariatur. Adipisicing ullamco incididunt consequat ex laboris qui do.
",blue,"{{nteger(1,4000)}",6095,"Nulla et minim excepteur commodo eiusmod nostrud deserunt ipsum commodo. Nostrud labore veniam id veniam occaecat laboris tempor aute aliqua eu cillum ad duis. Sunt ad aliqua consectetur do anim ut voluptate elit tempor ut. Enim cupidatat fugiat ad consequat sint sint. Qui Lorem labore ad qui. Ea aliquip ea cupidatat mollit est pariatur laboris. Deserunt nisi ea tempor nostrud ea.
"
5d36c5a6b07b59922d4d309d,occaecat,ut,culpa,duis,tempor,laborum,laboris,51,Fri May 08 2015 17:16:02 GMT+0800 (中国标准时间),occaecat,velit,Lorem,161,cillum,Tue Jun 13 2017 12:02:02 GMT+0800 (中国标准时间),proident,tempor,aliqua,"Fugiat sint consequat labore proident deserunt. Anim est laborum proident anim occaecat. Adipisicing eu eu ullamco ex deserunt proident commodo esse dolore sit laborum magna quis. Sint cupidatat Lorem duis quis exercitation est laboris tempor commodo.
",brown,"{{nteger(1,4000)}",41079,"Deserunt mollit pariatur pariatur amet excepteur reprehenderit adipisicing. Magna deserunt sit cupidatat laborum cupidatat sunt voluptate mollit officia officia. Consequat incididunt ullamco voluptate quis eu dolor reprehenderit veniam sint et culpa. Cupidatat mollit elit amet excepteur nisi id nostrud aliquip ipsum. Incididunt sunt irure enim et aliquip et aliquip duis in sit. Irure enim magna adipisicing adipisicing duis magna deserunt tempor aliquip eu enim.
"
5d36c5a689a2a80cf21c5f8e,aliquip,ipsum,voluptate,sint,velit,proident,fugiat,122,Tue Nov 14 2017 05:20:34 GMT+0800 (中国标准时间),magna,consectetur,occaecat,56,et,Sat May 27 2017 13:21:01 GMT+0800 (中国标准时间),deserunt,nostrud,cupidatat,"Laborum anim consectetur est aliquip proident. Incididunt aliqua irure ex laborum ex. Non ut minim cupidatat non occaecat incididunt voluptate esse.
",blue,"{{nteger(1,4000)}",11923,"Commodo anim velit in sunt. Officia reprehenderit veniam nostrud ullamco consectetur. Sit labore exercitation quis dolor culpa laboris nulla officia aliquip magna irure voluptate.
"
5d36c5a66df989d4eae537f2,tempor,nostrud,officia,eiusmod,est,aute,excepteur,133,Thu Sep 08 2016 19:35:15 GMT+0800 (中国标准时间),mollit,dolore,sint,137,id,Sun Apr 21 2019 15:12:46 GMT+0800 (中国标准时间),do,cillum,Lorem,"Nostrud aute nulla exercitation labore aliquip labore voluptate ut minim labore labore proident fugiat. Consectetur mollit officia laboris sunt est magna. Irure pariatur est in laborum sunt duis sit consequat esse. Nulla velit cupidatat non sit esse ipsum amet consequat irure deserunt et labore excepteur. Culpa eu elit ex ullamco minim.
",blue,"{{nteger(1,4000)}",15608,"Cillum anim ea aliqua occaecat. Nulla eu consectetur culpa eu labore commodo exercitation ad officia laborum fugiat officia deserunt sunt. Eiusmod do ex cupidatat irure velit qui eu. Elit sint officia laborum qui nulla officia sit incididunt irure qui excepteur labore veniam consectetur. Eiusmod enim ex ullamco voluptate sunt irure excepteur adipisicing. Sunt magna ut enim aliqua in tempor sit veniam dolore tempor ullamco commodo dolor.
"
5d36c5a61bc9b976aad1474d,sunt,qui,exercitation,elit,esse,elit,fugiat,178,Thu Mar 06 2014 14:14:23 GMT+0800 (中国标准时间),excepteur,ea,tempor,171,veniam,Sat May 19 2018 09:15:39 GMT+0800 (中国标准时间),mollit,consectetur,sint,"Excepteur ut commodo laborum id minim ad mollit laboris commodo pariatur eu anim. Adipisicing occaecat anim est deserunt officia dolor occaecat nulla enim ea. Ad est commodo dolor sint consequat laboris aliqua eiusmod eiusmod dolor culpa. Id dolor Lorem incididunt sint eiusmod irure qui sit laboris reprehenderit consequat Lorem culpa aliqua. Veniam elit et aute qui ipsum do exercitation nostrud ullamco exercitation labore.
",blue,"{{nteger(1,4000)}",7636,"Consectetur ipsum veniam tempor laborum excepteur tempor enim esse laborum aliquip anim adipisicing deserunt. Adipisicing tempor excepteur pariatur do deserunt duis sit amet cillum. Culpa ex adipisicing veniam aliquip est ad culpa.
"
5d36c5a6af88c4565c570762,excepteur,ullamco,est,aliquip,magna,tempor,voluptate,95,Sun Dec 14 2014 16:32:40 GMT+0800 (中国标准时间),aliquip,cillum,aliquip,197,officia,Fri Jan 26 2018 21:01:06 GMT+0800 (中国标准时间),ipsum,deserunt,pariatur,"In cillum eiusmod fugiat nostrud commodo irure reprehenderit eiusmod id tempor ullamco id eiusmod dolor. Magna non ullamco culpa eu veniam occaecat aute. Anim incididunt consequat sunt dolore ullamco commodo duis in.
",blue,"{{nteger(1,4000)}",8374,"Qui labore amet non aliqua duis aliquip culpa. Sunt dolor nulla quis ullamco. Sint irure veniam et voluptate amet id eiusmod aute exercitation Lorem labore consectetur.
"
